sample_year,records,stations,mean_do_mg_l,median_do_mg_l
1990,2002,133,10.245154845154845,10.45
1991,2858,174,11.325167949615116,11.2
1992,3506,257,11.487450085567598,10.8
1993,4737,306,10.742368587713743,10.6
1994,4896,318,10.062275326797385,10.3
1995,5047,317,9.490136714880126,9.8
1996,5038,316,9.886184994045255,10.1
1997,4220,338,9.76526066350711,10.0
1998,4343,351,9.802924245912964,10.0
1999,4374,348,10.079465020576132,10.3
2000,5502,473,10.351917484551072,10.6
2001,5303,454,10.384725627003583,10.5
2002,5448,455,10.40411160058737,10.6
2003,5747,484,9.825430659474508,10.0
2004,6400,560,10.026953125,10.1
2005,6423,553,10.096294566401992,10.2
2006,6530,575,10.156539050535986,10.3
2007,5950,584,10.796638655462186,11.0
2008,5851,576,10.519808579729961,10.7
2009,6356,578,10.501360918816864,10.5
2010,3640,351,10.504972527472527,10.6
2011,3766,323,10.466808284652151,10.5
2012,3805,325,10.568094612352168,10.7
2013,4144,349,10.706708494208494,10.8
2014,4143,348,10.34371228578325,10.5
2015,3282,517,10.792017062766606,10.9
2016,3298,515,10.497180109157064,10.6
2017,3080,506,10.48987012987013,10.6
2018,3077,507,10.561065973350667,10.7
2019,3237,507,10.513901760889713,10.7
2020,1971,445,10.68031456113648,10.8
2021,3381,503,10.530286897367644,10.6
2022,3433,503,10.17203612001165,10.3
2023,2831,484,10.241999293535853,10.4
2024,3412,494,10.429806565064478,10.6
