fold,feature,mae_increase,permutation_sd,rank,validation_rows_used,permutation_repeats
1,bod_mg_l,0.02098757311153835,0.001857754363140052,10.0,5000,10
1,ammonia_n_mg_l,0.05145187113346662,0.002411488482748216,8.0,5000,10
1,nitrite_n_mg_l,0.08054223488774138,0.005553280129421134,5.0,5000,10
1,nitrate_n_mg_l,0.07731709854621108,0.005100278030650102,6.0,5000,10
1,soluble_reactive_phosphorus_mg_l,0.04643516008409002,0.0025613296732615075,9.0,5000,10
1,ph,0.29900459892235537,0.006736851884909745,2.0,5000,10
1,bod_is_below_limit,0.001091082870711657,0.0002500065929440375,16.0,5000,10
1,bod_is_above_limit,4.652488359799811e-05,3.6723335859459344e-05,19.0,5000,10
1,ammonia_is_below_limit,0.011391878807944279,0.0010825507620873698,12.0,5000,10
1,ammonia_is_above_limit,0.0,0.0,23.5,5000,10
1,nitrite_is_below_limit,0.0021767150627810317,0.00037491764326839846,13.0,5000,10
1,nitrite_is_above_limit,0.0,0.0,23.5,5000,10
1,nitrate_is_below_limit,0.0006199511910959909,0.0001241579029521995,17.0,5000,10
1,nitrate_is_above_limit,2.2204460492503132e-17,6.66133814775094e-17,20.5,5000,10
1,phosphorus_is_below_limit,0.0018840355808517062,0.0005950928558335225,14.0,5000,10
1,phosphorus_is_above_limit,2.2204460492503132e-17,6.66133814775094e-17,20.5,5000,10
1,alkalinity_mg_l,0.1185457570676006,0.0035261772131130005,4.0,5000,10
1,conductivity_us_cm,0.07035235710399358,0.004102679501455329,7.0,5000,10
1,suspended_solids_mg_l,0.014980868775443712,0.0010211114540773936,11.0,5000,10
1,alkalinity_is_below_limit,0.00011026313564223011,1.7246171019212555e-05,18.0,5000,10
1,alkalinity_is_above_limit,0.0,0.0,23.5,5000,10
1,suspended_solids_is_below_limit,0.0013313672536320541,0.0005131688133948852,15.0,5000,10
1,suspended_solids_is_above_limit,0.0,0.0,23.5,5000,10
1,day_of_year_sin,0.2904593451106451,0.006682283481724464,3.0,5000,10
1,day_of_year_cos,0.41808369273788876,0.007845011290661135,1.0,5000,10
2,bod_mg_l,0.024863916151987686,0.0022709561467441196,10.0,5000,10
2,ammonia_n_mg_l,0.05167120617924868,0.0027719502650996545,8.0,5000,10
2,nitrite_n_mg_l,0.05684036227979376,0.004626407154722167,7.0,5000,10
2,nitrate_n_mg_l,0.07441455237413144,0.003443945443531434,6.0,5000,10
2,soluble_reactive_phosphorus_mg_l,0.042017961131951685,0.0022809387972370252,9.0,5000,10
2,ph,0.3200831577781008,0.008462157192356686,2.0,5000,10
2,bod_is_below_limit,0.00045286845039114174,0.00027479629403679074,16.0,5000,10
2,bod_is_above_limit,-7.980379894177992e-05,4.578048130329185e-05,25.0,5000,10
2,ammonia_is_below_limit,0.00880243982854867,0.0012046998963002966,12.0,5000,10
2,ammonia_is_above_limit,1.1102230246251566e-17,3.33066907387547e-17,21.5,5000,10
2,nitrite_is_below_limit,0.0019307397132904858,0.0007003722284911416,14.0,5000,10
2,nitrite_is_above_limit,1.1102230246251566e-17,3.33066907387547e-17,21.5,5000,10
2,nitrate_is_below_limit,-4.260398364586138e-06,0.00011613200255088022,24.0,5000,10
2,nitrate_is_above_limit,3.3306690738754695e-17,5.087681048627601e-17,18.5,5000,10
2,phosphorus_is_below_limit,0.002114204930944652,0.00030582527334626253,13.0,5000,10
2,phosphorus_is_above_limit,3.3306690738754695e-17,7.108895957933347e-17,18.5,5000,10
2,alkalinity_mg_l,0.1484410608370194,0.00439178643030574,4.0,5000,10
2,conductivity_us_cm,0.0765155192700687,0.0029430846720466825,5.0,5000,10
2,suspended_solids_mg_l,0.015372097286679908,0.0012391954879852484,11.0,5000,10
2,alkalinity_is_below_limit,0.00026700204569504173,3.1900892265982965e-05,17.0,5000,10
2,alkalinity_is_above_limit,1.1102230246251566e-17,5.978733960281817e-17,21.5,5000,10
2,suspended_solids_is_below_limit,0.0012601824920719152,0.0005495228214516673,15.0,5000,10
2,suspended_solids_is_above_limit,1.1102230246251566e-17,3.33066907387547e-17,21.5,5000,10
2,day_of_year_sin,0.2812903846438267,0.006286031774291636,3.0,5000,10
2,day_of_year_cos,0.41310963688854463,0.006874047008590259,1.0,5000,10
3,bod_mg_l,0.022700854942990855,0.002153192295416445,10.0,5000,10
3,ammonia_n_mg_l,0.04779896135460299,0.003625312088600556,8.0,5000,10
3,nitrite_n_mg_l,0.06105616442542584,0.0018258618631603219,7.0,5000,10
3,nitrate_n_mg_l,0.07271394755294938,0.0026559738002785,5.0,5000,10
3,soluble_reactive_phosphorus_mg_l,0.04158430932735031,0.0026400974645150867,9.0,5000,10
3,ph,0.297790200114153,0.006732746606642035,2.0,5000,10
3,bod_is_below_limit,0.0009626502078788235,0.0003463478129817905,16.0,5000,10
3,bod_is_above_limit,0.00018628492063479384,2.5448907140772002e-05,17.0,5000,10
3,ammonia_is_below_limit,0.00988324864041088,0.0018156299751553298,12.0,5000,10
3,ammonia_is_above_limit,-4.4408920985006264e-17,8.881784197001254e-17,20.0,5000,10
3,nitrite_is_below_limit,0.0020006976510230203,0.0002585947524329273,14.0,5000,10
3,nitrite_is_above_limit,-1.554312234475219e-16,1.0175362097255201e-16,24.0,5000,10
3,nitrate_is_below_limit,9.76903793983075e-05,0.0001393207296855655,18.0,5000,10
3,nitrate_is_above_limit,-4.4408920985006264e-17,8.881784197001254e-17,20.0,5000,10
3,phosphorus_is_below_limit,0.0016968694527713657,0.0003520725794206662,15.0,5000,10
3,phosphorus_is_above_limit,-6.661338147750939e-17,1.0175362097255201e-16,22.0,5000,10
3,alkalinity_mg_l,0.13364627941428692,0.006283479964080431,4.0,5000,10
3,conductivity_us_cm,0.06599050467294511,0.0031554288971360122,6.0,5000,10
3,suspended_solids_mg_l,0.016572906271631004,0.0012114585682089574,11.0,5000,10
3,alkalinity_is_below_limit,-0.00014951388359798478,3.6618141147595206e-05,25.0,5000,10
3,alkalinity_is_above_limit,-4.4408920985006264e-17,8.881784197001254e-17,20.0,5000,10
3,suspended_solids_is_below_limit,0.002024338287640004,0.0006381197237222206,13.0,5000,10
3,suspended_solids_is_above_limit,-8.881784197001253e-17,1.0877919644084146e-16,23.0,5000,10
3,day_of_year_sin,0.27557983383105816,0.009492331267575396,3.0,5000,10
3,day_of_year_cos,0.41603689757793844,0.0045739682900441305,1.0,5000,10
4,bod_mg_l,0.024921077391159507,0.0020814483377025027,10.0,5000,10
4,ammonia_n_mg_l,0.04427049136770226,0.003408574074720853,8.0,5000,10
4,nitrite_n_mg_l,0.07582236491820418,0.005894621667605979,7.0,5000,10
4,nitrate_n_mg_l,0.0906002385327658,0.004397290127755356,5.0,5000,10
4,soluble_reactive_phosphorus_mg_l,0.044146392851639946,0.0030560994457015447,9.0,5000,10
4,ph,0.3067922899313405,0.008776760909599248,2.0,5000,10
4,bod_is_below_limit,0.0022424945335310807,0.00028588548108356154,13.0,5000,10
4,bod_is_above_limit,3.757651515161609e-05,3.278284785783518e-05,19.0,5000,10
4,ammonia_is_below_limit,0.007615452161403369,0.0012388071240752958,12.0,5000,10
4,ammonia_is_above_limit,1.554312234475219e-16,1.0175362097255201e-16,20.0,5000,10
4,nitrite_is_below_limit,0.001897845642575391,0.0005054284891124693,15.0,5000,10
4,nitrite_is_above_limit,1.1102230246251565e-16,1.1102230246251565e-16,21.0,5000,10
4,nitrate_is_below_limit,4.308521664263543e-05,0.00016095753688996075,18.0,5000,10
4,nitrate_is_above_limit,7.771561172376095e-17,1.2212453270876723e-16,24.5,5000,10
4,phosphorus_is_below_limit,0.001146986966765806,0.00047732009014693456,16.0,5000,10
4,phosphorus_is_above_limit,7.771561172376095e-17,1.2212453270876723e-16,24.5,5000,10
4,alkalinity_mg_l,0.1419146846787331,0.005602218049284541,4.0,5000,10
4,conductivity_us_cm,0.08135523431638117,0.0029947291597448734,6.0,5000,10
4,suspended_solids_mg_l,0.016174480551835714,0.0014130700849330753,11.0,5000,10
4,alkalinity_is_below_limit,0.00013208373256383686,1.3032969539965283e-05,17.0,5000,10
4,alkalinity_is_above_limit,9.992007221626409e-17,1.260970960048685e-16,22.5,5000,10
4,suspended_solids_is_below_limit,0.0019419401742397646,0.00046102478488164116,14.0,5000,10
4,suspended_solids_is_above_limit,9.992007221626409e-17,1.260970960048685e-16,22.5,5000,10
4,day_of_year_sin,0.2879119894058115,0.00677698524344586,3.0,5000,10
4,day_of_year_cos,0.4211359025527644,0.008289845517613042,1.0,5000,10
5,bod_mg_l,0.022467012282030407,0.0020771309469489216,10.0,5000,10
5,ammonia_n_mg_l,0.05357302328965104,0.0027241400021993938,9.0,5000,10
5,nitrite_n_mg_l,0.09015703965950775,0.003968394262722479,5.0,5000,10
5,nitrate_n_mg_l,0.07826040654867569,0.0035953513397518704,7.0,5000,10
5,soluble_reactive_phosphorus_mg_l,0.054190104001242675,0.0026358670645663025,8.0,5000,10
5,ph,0.2601654175072049,0.006641687858721551,3.0,5000,10
5,bod_is_below_limit,0.0014457373673987472,0.0002881636989921821,16.0,5000,10
5,bod_is_above_limit,8.136846560868882e-06,2.028862015613473e-05,17.0,5000,10
5,ammonia_is_below_limit,0.007010665903161828,0.0011148069994567403,12.0,5000,10
5,ammonia_is_above_limit,0.0,0.0,20.5,5000,10
5,nitrite_is_below_limit,0.0036049927555978356,0.0004977452647190329,13.0,5000,10
5,nitrite_is_above_limit,0.0,0.0,20.5,5000,10
5,nitrate_is_below_limit,-2.3800698515852313e-05,0.00017279957082885674,24.0,5000,10
5,nitrate_is_above_limit,0.0,0.0,20.5,5000,10
5,phosphorus_is_below_limit,0.002039457518021337,0.0005500182779183297,15.0,5000,10
5,phosphorus_is_above_limit,0.0,0.0,20.5,5000,10
5,alkalinity_mg_l,0.15657279577904976,0.005512930122942315,4.0,5000,10
5,conductivity_us_cm,0.08230637531789883,0.0035751727063539148,6.0,5000,10
5,suspended_solids_mg_l,0.018765815447581147,0.002123113912645413,11.0,5000,10
5,alkalinity_is_below_limit,-6.408946031744023e-05,2.686620389485217e-05,25.0,5000,10
5,alkalinity_is_above_limit,0.0,0.0,20.5,5000,10
5,suspended_solids_is_below_limit,0.002485243492734046,0.0007873664535853201,14.0,5000,10
5,suspended_solids_is_above_limit,0.0,0.0,20.5,5000,10
5,day_of_year_sin,0.284166176043569,0.010261735830954133,2.0,5000,10
5,day_of_year_cos,0.4384031744054834,0.01206246350610409,1.0,5000,10
