feature,mean_mae_increase,across_fold_mae_increase_sd,mean_within_fold_permutation_sd,mean_rank,rank_sd,top5_fraction,top10_fraction
day_of_year_cos,0.4213538608325239,0.00997068108477399,0.007929067122602532,1.0,0.0,1.0,1.0
ph,0.29676713285063094,0.022304031474378663,0.007470040890445853,2.2,0.44721359549995787,1.0,1.0
day_of_year_sin,0.28388154580698205,0.005814324370871416,0.007899873519598298,2.8,0.44721359549995787,1.0,1.0
alkalinity_mg_l,0.13982411555533797,0.014578020388599428,0.005063318355945205,4.0,0.0,1.0,1.0
nitrate_n_mg_l,0.07866124871094668,0.0070340548922891806,0.0038385677483934524,5.8,0.8366600265340757,0.4,1.0
conductivity_us_cm,0.07530399813625747,0.007042344040922067,0.0033542189873473627,6.0,0.7071067811865476,0.2,1.0
nitrite_n_mg_l,0.07288363323413458,0.013810652175685622,0.0043737130155264165,6.2,1.0954451150103324,0.4,1.0
ammonia_n_mg_l,0.04975311066493432,0.003709259490700297,0.002988292982673735,8.2,0.44721359549995815,0.0,1.0
soluble_reactive_phosphorus_mg_l,0.04567478547925493,0.005136369402385884,0.0026348664890562933,8.8,0.44721359549995815,0.0,1.0
bod_mg_l,0.02318808677594136,0.0016890281408318514,0.002088096417990408,10.0,0.0,0.0,1.0
suspended_solids_mg_l,0.016373233666634297,0.001478578165826503,0.0014015899015700176,11.0,0.0,0.0,0.0
ammonia_is_below_limit,0.008940737068293805,0.0017604761291237362,0.0012912989514150064,12.0,0.0,0.0,0.0
nitrite_is_below_limit,0.002322198165053553,0.0007251559587234881,0.00046741167560479383,13.8,0.8366600265340758,0.0,0.0
suspended_solids_is_below_limit,0.0018086143400635568,0.0005125138737778756,0.0005898405194071469,14.2,0.8366600265340757,0.0,0.0
phosphorus_is_below_limit,0.001776310889870973,0.00038645267564988795,0.00045606581533314314,14.6,1.140175425099138,0.0,0.0
bod_is_below_limit,0.00123896668598229,0.0006644533675114743,0.00028903997600767246,15.4,1.3416407864998738,0.0,0.0
bod_is_above_limit,3.97438734006994e-05,9.593696911735772e-05,3.220483846349862e-05,19.4,3.286335345030996,0.0,0.0
nitrate_is_below_limit,0.00014653313805129909,0.0002687768809671546,0.00014267354858149252,20.2,3.4928498393145966,0.0,0.0
alkalinity_is_below_limit,5.9149113997136735e-05,0.00016572789126614314,2.5132875573521637e-05,20.4,4.219004621945797,0.0,0.0
nitrate_is_above_limit,1.7763568394002502e-17,4.4823321139611735e-17,6.568651332851304e-17,20.8,2.2248595461286986,0.0,0.0
ammonia_is_above_limit,2.442490654175344e-17,7.627482662061555e-17,4.4775630736263846e-17,21.1,1.474788120375263,0.0,0.0
phosphorus_is_above_limit,1.3322676295501878e-17,5.289603976864219e-17,7.231609894763243e-17,21.2,2.2248595461286995,0.0,0.0
alkalinity_is_above_limit,1.3322676295501878e-17,5.2896039768642194e-17,5.494045551553984e-17,21.6,1.4317821063276355,0.0,0.0
nitrite_is_above_limit,-6.661338147750935e-18,9.537584764147469e-17,4.9216522834764476e-17,22.1,1.5572411502397439,0.0,0.0
suspended_solids_is_above_limit,4.4408920985006255e-18,6.68903613893693e-17,5.363659663689293e-17,22.2,1.2041594578792294,0.0,0.0
