model,regime,fold,sample_count,mae,rmse,r2,bias,mean_actual,mean_predicted,median_absolute_error,p90_absolute_error,p95_absolute_error,low_do_n,low_do_mae,low_do_rmse,low_do_mean_residual,low_do_overpredicted_fraction,low_do_sufficient_n20
DummyRegressor,Station-grouped CV,1.0,23938,1.467281409086292,1.9691623749078682,-0.016456114182952897,-0.2505537221154656,10.14433745509232,10.394891177207787,1.1948911772077881,3.0948911772077876,3.8948911772077874,172,7.6600074562775555,7.712845501391483,-7.6600074562775555,1.0,True
DummyRegressor,Station-grouped CV,2.0,23938,1.3496114267703891,1.851432262481839,-0.006371401576908964,0.14731472971843834,10.462632216559445,10.315317486841009,1.0846825131589934,2.7153174868410073,3.484682513158994,145,7.618076107530663,7.665788762381323,-7.618076107530663,1.0,True
DummyRegressor,Station-grouped CV,3.0,23938,1.3860403283998184,1.958527439117575,-0.005781365992234999,0.14848859553847463,10.463571309215473,10.315082713676999,1.0849172863230017,2.784917286323001,3.5849172863230017,90,7.546749380343664,7.598596806775559,-7.546749380343664,1.0,True
DummyRegressor,Station-grouped CV,4.0,23938,1.457531665005793,2.062745525335125,-0.00014694476358512176,0.0250029242209027,10.364782772161416,10.339779847940516,1.139779847940515,2.939779847940514,3.8397798479405143,143,7.441667959828625,7.488223266579508,-7.441667959828625,1.0,True
DummyRegressor,Station-grouped CV,5.0,23938,1.4918149267978678,2.1277522685557955,-0.001091328458946883,-0.07025252736235389,10.28857841089481,10.358830938257167,1.1411690617428345,3.041169061742835,4.058830938257166,208,7.673734784411011,7.73124111550533,-7.673734784411011,1.0,True
DummyRegressor,Temporal holdout,,9676,1.206498605493618,1.6509041035365473,-0.0009030007949200058,-0.04958723786827657,10.283402232327408,10.332989470195685,0.9329894701956842,2.3670105298043147,3.1329894701956844,70,7.514418041624255,7.559288848300693,-7.514418041624255,1.0,True
DummyRegressor,Spatiotemporal seed 42,,1828,1.2240788731219732,1.7139718641838129,-0.00024226417182027227,-0.026674462906300694,10.304431072210066,10.331105535116366,0.931105535116366,2.4688944648836344,3.3311055351163663,14,7.916819820830652,7.976759312949186,-7.916819820830652,1.0,False
Ridge,Station-grouped CV,1.0,23938,1.0557173205603776,1.5052710236113547,0.40604303748014114,-0.21417154839412875,10.14433745509232,10.358509003486452,0.7422717905497382,2.356188540590927,3.1371898334590997,172,5.115865802587909,5.222405466242242,-5.099211737621272,0.9941860465116279,True
Ridge,Station-grouped CV,2.0,23938,1.0040021973696878,1.476256129893542,0.36016784782746225,0.17113674935999815,10.462632216559445,10.291495467199448,0.7231356313712265,2.1614995940038653,2.896698562168058,145,4.744957106542262,4.9402690144662955,-4.497081487713421,0.9724137931034482,True
Ridge,Station-grouped CV,3.0,23938,1.0061563993425644,1.619376186190943,0.3123938359305134,0.08521296888060619,10.463571309215473,10.378358340334868,0.6909164840370545,2.0984439681901375,2.920198202226052,90,4.8026270538539055,4.945370011968604,-4.424042774786458,0.9666666666666667,True
Ridge,Station-grouped CV,4.0,23938,1.0347127321278795,1.6549553810016433,0.3562087290187905,0.04374171236277854,10.364782772161416,10.321041059798638,0.7006640207366512,2.2009777047275763,3.0296372835419367,143,4.3166832964389865,4.507474425960761,-4.3166832964389865,1.0,True
Ridge,Station-grouped CV,5.0,23938,1.0869443329470945,1.710296707953484,0.35319332282697813,-0.0679888261547412,10.28857841089481,10.356567237049553,0.7393457623823894,2.3213911412923505,3.186667666251118,208,5.014569096765294,5.2001473016668305,-4.987667056121422,0.9855769230769231,True
Ridge,Temporal holdout,,9676,0.7485224811391158,1.0777676646097614,0.5734218596758911,-0.18046449386453797,10.283402232327408,10.463866726191947,0.541557420959272,1.5495847487322738,2.198891753350664,70,4.905661548554031,5.003368966943224,-4.905661548554031,1.0,True
Ridge,Spatiotemporal seed 42,,1828,0.7906073258866279,1.1669168304958013,0.5363634859745062,-0.20961068138832184,10.304431072210066,10.51404175359839,0.5539874084584353,1.6900980440279803,2.4192828049203974,14,5.588652515223238,5.70244486346044,-5.588652515223238,1.0,False
Random Forest,Station-grouped CV,1.0,23938,0.8956172739529218,1.3065140450242168,0.5525404928102959,-0.1587017527857776,10.14433745509232,10.303039207878099,0.6193833333333325,2.004230072150078,2.7191817063492016,172,3.406039348662965,3.745578680021741,-3.3881770593803267,0.9883720930232558,True
Random Forest,Station-grouped CV,2.0,23938,0.8328504427707729,1.273041322419012,0.5241964983137426,0.07764002928240654,10.462632216559445,10.384992187277039,0.5776259259259264,1.8025120634920615,2.443151230158731,145,3.1368876434459545,3.6256325455870457,-3.1296378507074025,0.9724137931034482,True
Random Forest,Station-grouped CV,3.0,23938,0.8521408183966702,1.4045320528838872,0.4827415741774862,0.06868233211983743,10.463571309215473,10.394888977095635,0.5692857142857122,1.8055499062049103,2.4846636111111096,90,3.0538109954037735,3.3697259488938918,-3.0538109954037735,1.0,True
Random Forest,Station-grouped CV,4.0,23938,0.9038414887150197,1.4749258415856734,0.48865634094863053,0.015133543322216609,10.364782772161416,10.349649228839201,0.593894841269841,1.9549691269841183,2.7184955952380876,143,3.3837203501885322,3.8174498213273655,-3.3515202280884098,0.972027972027972,True
Random Forest,Station-grouped CV,5.0,23938,0.9143762217774876,1.503073201236453,0.5004351900711346,-0.05627172220653864,10.28857841089481,10.34485013310135,0.6030469696969671,1.9530444444444384,2.702439927849928,208,3.248160242914137,3.6906571083136184,-3.2411029550630994,0.9903846153846154,True
Random Forest,Temporal holdout,,9676,0.672983988298161,0.9557340137033885,0.6645541818396834,-0.2409673105994269,10.283402232327408,10.524369542926834,0.49429298077861006,1.4003339947089959,1.8923849134199167,70,3.232973539733298,3.667568337351973,-3.208948989468748,0.9857142857142858,True
Random Forest,Spatiotemporal seed 42,,1828,0.6917851400808798,1.0241039482778058,0.6429032436559801,-0.24608049799094897,10.304431072210066,10.550511570201014,0.49466904761904296,1.395198290043293,2.012259839947093,14,4.767779487047344,4.999440682095347,-4.767779487047344,1.0,False
Extra Trees,Station-grouped CV,1.0,23938,0.8804643950915044,1.2920603601575515,0.5623860276330578,-0.16490364310722558,10.14433745509232,10.309241098199548,0.6012079365079392,1.9853966666666658,2.6930383333333308,172,3.632937982324713,3.9040470213573237,-3.626931393177426,0.9883720930232558,True
Extra Trees,Station-grouped CV,2.0,23938,0.8130975425553962,1.2474436094043027,0.5431385886412016,0.09357537683630822,10.462632216559445,10.369056839723138,0.5560277777777838,1.7571033333333324,2.4212267460317403,145,3.303324784219612,3.7416070568931055,-3.2997045543345545,0.993103448275862,True
Extra Trees,Station-grouped CV,3.0,23938,0.8180262057362788,1.3445518658194615,0.5259770335444054,0.06687535953871965,10.463571309215473,10.396695949676754,0.5420222222222213,1.752497619047616,2.4373288888888966,90,3.279870722836834,3.55406233062786,-3.279870722836834,1.0,True
Extra Trees,Station-grouped CV,4.0,23938,0.8718888717208148,1.4229030708745067,0.5240918540160797,0.022583987030126332,10.364782772161416,10.34219878513129,0.5697812203228976,1.8830555555555568,2.6102383333333345,143,3.461422739449103,3.842596799076248,-3.4356928249191885,0.9790209790209791,True
Extra Trees,Station-grouped CV,5.0,23938,0.8919392714742799,1.4560589235247936,0.5311979786094252,-0.07157403194963864,10.28857841089481,10.36015244284445,0.5757444444444415,1.93751666666667,2.688430555555559,208,3.543729175205137,3.9269872026169166,-3.5431314187948804,0.9951923076923077,True
Extra Trees,Temporal holdout,,9676,0.6886264015247683,0.9751662761406094,0.6507747436170837,-0.2442893478751047,10.283402232327408,10.527691580202513,0.5023055555555569,1.460916666666666,1.9277125000000013,70,3.481236881520247,3.8464475031845042,-3.4673464053297707,0.9857142857142858,True
Extra Trees,Spatiotemporal seed 42,,1828,0.6938533915855459,1.0319773733131028,0.6373913375745122,-0.2360658170804661,10.304431072210066,10.54049688929053,0.5033277777777778,1.4299055555555562,1.9984472222222214,14,4.797939682539682,5.030072950126854,-4.797939682539682,1.0,False
HistGradientBoosting,Station-grouped CV,1.0,23938,0.9557825908490398,1.363775725291402,0.5124586155171057,-0.16610513203550753,10.14433745509232,10.31044258712783,0.6915436118807694,2.1098221019024934,2.802941235431775,172,3.430607546918007,3.7833875528978576,-3.4025409673592195,0.9825581395348837,True
HistGradientBoosting,Station-grouped CV,2.0,23938,0.8874453721566529,1.3312972987543719,0.47965338498581556,0.10154710654671092,10.462632216559445,10.361085110012734,0.6293595975955846,1.9122699616265042,2.5766403611158157,145,2.8742427361404035,3.4998200109456064,-2.763056366565046,0.903448275862069,True
HistGradientBoosting,Station-grouped CV,3.0,23938,0.9200166384770901,1.5094425928403614,0.40258315286755875,0.07358416272549435,10.463571309215473,10.389987146489979,0.6232380338914698,1.9299174566006922,2.6677563738735595,90,3.1481055010804755,3.517160448449535,-3.1478840398139325,0.9888888888888889,True
HistGradientBoosting,Station-grouped CV,4.0,23938,0.961134790541478,1.5579437241562237,0.4294732163078694,0.02753726727163949,10.364782772161416,10.337245504889777,0.647549037079675,2.044285249898811,2.835107406282062,143,3.284774906259384,3.691185859447284,-3.2460905688580155,0.965034965034965,True
HistGradientBoosting,Station-grouped CV,5.0,23938,0.9837817047392303,1.589861618321521,0.44107926057792224,-0.053151099989622315,10.28857841089481,10.341729510884434,0.6680038730798525,2.0529302004776047,2.828658053794704,208,3.3157648993599653,3.754632651388541,-3.2707668965125434,0.9711538461538461,True
HistGradientBoosting,Temporal holdout,,9676,0.666652466233378,0.941887896095778,0.6742032638906601,-0.2549409966836179,10.283402232327408,10.538343229011026,0.49320676999140645,1.3809156877388178,1.8601795100436371,70,3.3207460504044497,3.7833500047387365,-3.2900913684035706,0.9857142857142858,True
HistGradientBoosting,Spatiotemporal seed 42,,1828,0.6890933743777521,1.0307287062726214,0.638268301686902,-0.26144090740738846,10.304431072210066,10.565871979617455,0.48102355605797076,1.405388830248503,2.046745270475509,14,5.112180658403678,5.387636767185013,-5.112180658403678,1.0,False
