model,mae,mae_sd,rmse,r2,low_do_splits_sufficient_n20,low_do_n,low_do_mae,regime
DummyRegressor,1.430455951212032,0.05992227714303336,1.9939239740796402,-0.005969430994925773,5,758,7.601114928384695,Station-grouped CV
Ridge,1.0375065964695207,0.0349603545349541,1.5932310857301935,0.3576013546167771,5,758,4.829155958916301,Station-grouped CV
Random Forest,0.8797652491225744,0.03533050969138161,1.3924172926298486,0.509714019264258,5,758,3.2651976338510993,Station-grouped CV
Extra Trees,0.8550832573156548,0.03681379471637867,1.3526035659561233,0.5373582964888339,5,758,3.471127852125197,Station-grouped CV
HistGradientBoosting,0.9416322193526983,0.03794934176123777,1.4704641918727759,0.4530495260512543,5,758,3.2316109506193453,Station-grouped CV
DummyRegressor,1.206498605493618,,1.6509041035365473,-0.0009030007949200058,1,70,7.514418041624255,Temporal holdout
DummyRegressor,1.2240788731219732,,1.7139718641838129,-0.00024226417182027227,0,14,7.916819820830652,Spatiotemporal seed 42
Ridge,0.7485224811391158,,1.0777676646097614,0.5734218596758911,1,70,4.905661548554031,Temporal holdout
Ridge,0.7906073258866279,,1.1669168304958013,0.5363634859745062,0,14,5.588652515223238,Spatiotemporal seed 42
Random Forest,0.672983988298161,,0.9557340137033885,0.6645541818396834,1,70,3.232973539733298,Temporal holdout
Random Forest,0.6917851400808798,,1.0241039482778058,0.6429032436559801,0,14,4.767779487047344,Spatiotemporal seed 42
Extra Trees,0.6886264015247683,,0.9751662761406094,0.6507747436170837,1,70,3.481236881520247,Temporal holdout
Extra Trees,0.6938533915855459,,1.0319773733131028,0.6373913375745122,0,14,4.797939682539682,Spatiotemporal seed 42
HistGradientBoosting,0.666652466233378,,0.941887896095778,0.6742032638906601,1,70,3.3207460504044497,Temporal holdout
HistGradientBoosting,0.6890933743777521,,1.0307287062726214,0.638268301686902,0,14,5.112180658403678,Spatiotemporal seed 42
