feature_set,fold,feature_count,transformed_feature_count,sample_count,mae,rmse,r2,bias,mean_actual,mean_predicted,median_absolute_error,p90_absolute_error,p95_absolute_error
Core,1,6,6,23938,1.2333677598558956,1.6531840867255865,0.2835794960704332,-0.21849237896286497,10.14433745509232,10.362829834055185,0.9564765873015846,2.627647698412695,3.300839852092349
Core,2,6,6,23938,1.1574797417857583,1.601588846066968,0.24691377594312536,0.0863555894015737,10.462632216559445,10.376276627157871,0.8905819745069756,2.4093019841269827,3.0968094432419493
Core,3,6,6,23938,1.1833280765074308,1.7366252675785159,0.20921850904736883,0.06241792217889228,10.463571309215473,10.401153387036581,0.8926567460317423,2.41019507936508,3.1284598544973554
Core,4,6,6,23938,1.2257589754204656,1.7961503792801414,0.24167059956334946,0.0028553783831066363,10.364782772161416,10.361927393778311,0.9199726751061128,2.5197792857142867,3.2656908843935213
Core,5,6,6,23938,1.2483734984576476,1.8212787065029177,0.2665265548201924,-0.027701149793105492,10.28857841089481,10.316279560687917,0.9320839345839289,2.5502560317460286,3.317627751322742
Core + Date,1,8,8,23938,0.9723439372329883,1.3990497502696453,0.4869119604300489,-0.22551417739465704,10.14433745509232,10.369851632486979,0.6869707671957723,2.1562596536796566,2.8982530158730127
Core + Date,2,8,8,23938,0.8991133258376253,1.3582913642830958,0.4583378226040946,0.1117566341174899,10.462632216559445,10.350875582441954,0.6304439153439141,1.9254986739186783,2.627486177248674
Core + Date,3,8,8,23938,0.9192628900278559,1.4816119116674975,0.4244100714015767,0.09775957270557889,10.463571309215473,10.365811736509894,0.6249813492063465,1.9511722486772496,2.681558373015874
Core + Date,4,8,8,23938,0.9762300447833064,1.5637184849062324,0.42523588513474786,-0.005724111485058785,10.364782772161416,10.370506883646476,0.6518525132275146,2.1005787301587335,2.8883478174603185
Core + Date,5,8,8,23938,0.9840890359210662,1.5755523769204651,0.4510949005243954,-0.035189154886909886,10.28857841089481,10.323767565781722,0.6554067460317476,2.0957284126984126,2.936654584656087
Core + Date + Missingness,1,8,14,23938,0.969718419549046,1.3966065284229054,0.488702451882703,-0.22568613558012898,10.14433745509232,10.370023590672451,0.6798944444444448,2.157414788359788,2.881618849206344
Core + Date + Missingness,2,8,14,23938,0.8950032798064997,1.3544154210620885,0.46142472495996534,0.11249128486326439,10.462632216559445,10.350140931696181,0.6305753968253969,1.9087455555555557,2.627453849206343
Core + Date + Missingness,3,8,14,23938,0.913158622330201,1.4759693207441804,0.42878589203730877,0.09740498013124534,10.463571309215473,10.366166329084228,0.6194031746031747,1.9424085185185231,2.665827619047616
Core + Date + Missingness,4,8,14,23938,0.9719976393419777,1.5571287197604458,0.43006997754749554,-0.006183125603922078,10.364782772161416,10.37096589776534,0.6467834656084692,2.0933225012024996,2.877175039682533
Core + Date + Missingness,5,8,14,23938,0.9813358904182179,1.5750766003589605,0.45142636110088774,-0.040369924387946586,10.28857841089481,10.328948335282757,0.6536009259259323,2.090889735449732,2.9391865740740726
Core + Date + Missingness + Censoring,1,18,24,23938,0.9615048457327476,1.385527736441744,0.4967821673589381,-0.22273222035597104,10.14433745509232,10.367069675448292,0.6757317460317447,2.1369726190476195,2.872773306878299
Core + Date + Missingness + Censoring,2,18,24,23938,0.8913525004056001,1.346505275711785,0.4676971998108904,0.1104799922417311,10.462632216559445,10.352152224317713,0.6272633597883601,1.909503809523807,2.6116111904761867
Core + Date + Missingness + Censoring,3,18,24,23938,0.908695047200699,1.4714554309923775,0.43227438569906895,0.0990016996435953,10.463571309215473,10.364569609571877,0.6170242063492068,1.9407217989418013,2.644962222222216
Core + Date + Missingness + Censoring,4,18,24,23938,0.9657821985410943,1.5511408710676244,0.43444481581644456,-0.002943437783617547,10.364782772161416,10.367726209945035,0.6420153679653602,2.075284259259257,2.8665653835978793
Core + Date + Missingness + Censoring,5,18,24,23938,0.9753210378819576,1.5683343282972317,0.4561127573509227,-0.040521584682326126,10.28857841089481,10.329099995577138,0.6473132275132256,2.086067830687828,2.9107239682539703
Full,1,25,34,23938,0.8956172739529218,1.3065140450242168,0.5525404928102959,-0.1587017527857776,10.14433745509232,10.303039207878099,0.6193833333333325,2.004230072150078,2.7191817063492016
Full,2,25,34,23938,0.8328504427707729,1.273041322419012,0.5241964983137426,0.07764002928240654,10.462632216559445,10.384992187277039,0.5776259259259264,1.8025120634920615,2.443151230158731
Full,3,25,34,23938,0.8521408183966702,1.4045320528838872,0.4827415741774862,0.06868233211983743,10.463571309215473,10.394888977095635,0.5692857142857122,1.8055499062049103,2.4846636111111096
Full,4,25,34,23938,0.9038414887150197,1.4749258415856734,0.48865634094863053,0.015133543322216609,10.364782772161416,10.349649228839201,0.593894841269841,1.9549691269841183,2.7184955952380876
Full,5,25,34,23938,0.9143762217774876,1.503073201236453,0.5004351900711346,-0.05627172220653864,10.28857841089481,10.34485013310135,0.6030469696969671,1.9530444444444384,2.702439927849928
