seed,do_range,sample_count,mae,rmse,bias,overpredicted_fraction
11,<4,21,4.018760935889508,4.215277974666302,-4.018760935889508,1.0
11,4–<8,173,1.571132603058404,1.9055783407442253,-1.4755302973144797,0.9248554913294798
11,8–<12,1712,0.6010467795586414,0.7677485576672961,-0.2819228675822158,0.6799065420560748
11,≥12,234,0.7014174449877444,0.9496925567197186,0.6018210578358018,0.1581196581196581
23,<4,15,3.7957934934201605,4.022489053631134,-3.7957934934201605,1.0
23,4–<8,157,1.6831876639437464,2.0263409270667934,-1.5945816845256648,0.9044585987261147
23,8–<12,1589,0.5771521801613657,0.764241120727927,-0.20409993994667983,0.6299559471365639
23,≥12,245,0.6830031501315544,0.904268916779218,0.5946195389370046,0.15510204081632653
42,<4,14,4.767779487047344,4.999440682095347,-4.767779487047344,1.0
42,4–<8,129,1.717394838476426,2.1107804807986463,-1.6586873120493646,0.8992248062015504
42,8–<12,1445,0.5508890817236867,0.7177586952450599,-0.22664712402607404,0.6532871972318339
42,≥12,240,0.751065274979163,1.0167083221436521,0.6599563331802217,0.125
57,<4,11,2.8845681073808334,3.3452247221807334,-2.881455841868568,0.9090909090909091
57,4–<8,151,1.5966349940109046,1.8637315866891668,-1.5204652336510782,0.9337748344370861
57,8–<12,1539,0.5768309516257017,0.7370913016918876,-0.23618187182843117,0.6569200779727096
57,≥12,219,0.7242144297128541,1.0179114966137461,0.6359406139294493,0.1598173515981735
71,<4,3,3.918616402116401,4.126744138007855,-3.918616402116401,1.0
71,4–<8,71,1.6224297159732728,1.9260292821523248,-1.541368148047198,0.9154929577464789
71,8–<12,1525,0.5706485023307599,0.735649480076463,-0.2617067418929633,0.6629508196721311
71,≥12,279,0.6645371691541344,0.8654659927823161,0.557153212847598,0.16845878136200718
89,<4,17,4.116671895424837,4.281661611947717,-4.116671895424837,1.0
89,4–<8,113,1.7677269743236115,2.1327007416912047,-1.6655415278657757,0.9026548672566371
89,8–<12,1586,0.5588058388896018,0.7138585405852135,-0.25084540895911484,0.6588902900378311
89,≥12,267,0.6129713356084547,0.8002876528625755,0.5564214027143268,0.12359550561797752
101,<4,21,4.056171402230926,4.331538704811037,-4.056171402230926,1.0
101,4–<8,169,1.8706871688818838,2.1539867652490177,-1.8188118001787044,0.9408284023668639
101,8–<12,1662,0.5982066639597361,0.7777089633384489,-0.2922613716187994,0.6901323706377858
101,≥12,269,0.6370487107399001,0.8437207402285544,0.5263606713801134,0.18587360594795538
123,<4,14,3.11727872225658,3.5072953222433787,-3.11727872225658,1.0
123,4–<8,103,1.6960439823868296,1.9940660408647575,-1.6602542879388829,0.9514563106796117
123,8–<12,1450,0.5376348044313144,0.6974733246335031,-0.17647372743284548,0.6151724137931035
123,≥12,255,0.7267886097374792,0.9921303812792462,0.640164281864916,0.1450980392156863
149,<4,5,3.8286963251563257,4.000370605340499,-3.8286963251563257,1.0
149,4–<8,121,1.567370893194027,1.8294883227378342,-1.5143118159994127,0.9090909090909091
149,8–<12,1532,0.5776446390774496,0.7427515255139346,-0.25421952992322927,0.6775456919060052
149,≥12,224,0.6464854481612966,0.8715929478219749,0.5519390788559988,0.19196428571428573
173,<4,8,4.111508300264552,4.229686790256304,-4.111508300264552,1.0
173,4–<8,83,1.6583404987805586,1.985582492293554,-1.5341174159731388,0.891566265060241
173,8–<12,1464,0.5633186027549633,0.7242008180663589,-0.2351034742927931,0.657103825136612
173,≥12,261,0.6941169493667962,0.9431899496667154,0.5637667829020704,0.17624521072796934
