seed,low_do_n,low_do_mae,low_do_rmse,low_do_mean_residual,low_do_overpredicted_fraction
11,21,4.018760935889508,4.215277974666302,-4.018760935889508,1.0
23,15,3.7957934934201605,4.022489053631134,-3.7957934934201605,1.0
42,14,4.767779487047344,4.999440682095347,-4.767779487047344,1.0
57,11,2.8845681073808334,3.3452247221807334,-2.881455841868568,0.9090909090909091
71,3,3.918616402116401,4.126744138007855,-3.918616402116401,1.0
89,17,4.116671895424837,4.281661611947717,-4.116671895424837,1.0
101,21,4.056171402230926,4.331538704811037,-4.056171402230926,1.0
123,14,3.11727872225658,3.5072953222433787,-3.11727872225658,1.0
149,5,3.8286963251563257,4.000370605340499,-3.8286963251563257,1.0
173,8,4.111508300264552,4.229686790256304,-4.111508300264552,1.0
