seed,sample_count,mae,rmse,r2,bias,mean_actual,mean_predicted,median_absolute_error,p90_absolute_error,p95_absolute_error,train_rows,test_rows,train_stations,test_stations,station_overlap,train_first_date,train_last_date,test_first_date,test_last_date,test_target_mean,test_target_median,test_low_do_fraction
11,2140,0.7239830321094906,1.0188660659981006,0.6547251954124759,-0.31845165554030863,10.100046728971964,10.418498384512272,0.5651981481481512,1.4867448941798997,1.9243632936507982,119777,2140,733,101,0,1990-01-02,2021-12-09,2022-01-04,2024-12-11,10.100046728971964,10.3,0.009813084112149532
23,2006,0.7007118403285701,1.0024329429986694,0.6541011730938838,-0.24223292343346953,10.205134596211366,10.447367519644834,0.50334761904762,1.5203997113997083,2.07338816137566,119117,2006,733,101,0,1990-01-02,2021-12-09,2022-01-04,2024-12-11,10.205134596211366,10.4,0.007477567298105683
42,1828,0.6917851400808798,1.024103948277806,0.6429032436559801,-0.24608049799094897,10.304431072210066,10.550511570201014,0.49466904761904296,1.395198290043293,2.0122598399470935,120955,1828,733,101,0,1990-01-02,2021-12-09,2022-01-04,2024-12-11,10.304431072210066,10.4,0.007658643326039387
57,1920,0.6870666291332843,0.9439095721281506,0.6902642320512173,-0.2528641514767048,10.179010416666667,10.431874568143371,0.5215320105820149,1.4617004232804283,1.8974193999518922,119886,1920,733,101,0,1990-01-02,2021-12-09,2022-01-04,2024-12-11,10.179010416666667,10.4,0.005729166666666666
71,1878,0.6297088366820363,0.8474576250794923,0.637521341674723,-0.19427583744408386,10.50234291799787,10.696618755441952,0.5074249999999951,1.285244920634918,1.6332373015872967,119542,1878,733,101,0,1990-01-02,2021-12-09,2022-01-04,2024-12-11,10.50234291799787,10.6,0.001597444089456869
89,1983,0.665489650734824,0.954022264642592,0.6570963902241282,-0.2559081789992364,10.317599596570853,10.573507775570087,0.5093827248677272,1.3323656084656055,1.746131640211634,118909,1983,733,101,0,1990-01-02,2021-12-09,2022-01-04,2024-12-11,10.317599596570853,10.5,0.008572869389813415
101,2121,0.7387606363404066,1.0581468716418427,0.6312031683751588,-0.3473390724687622,10.1997171145686,10.547056187037363,0.525876984126981,1.5489211640211646,2.195728571428573,118523,2121,733,101,0,1990-01-02,2021-12-09,2022-01-04,2024-12-11,10.1997171145686,10.4,0.009900990099009901
123,1822,0.6494160231645987,0.9188108918892095,0.6818726829135799,-0.16865702890854523,10.355708013172338,10.524365042080884,0.48334338624338624,1.3193772222222213,1.8016922883597908,119293,1822,733,101,0,1990-01-02,2021-12-09,2022-01-04,2024-12-11,10.355708013172338,10.5,0.007683863885839737
149,1882,0.6581082290951339,0.8928651205519013,0.6553943138425878,-0.24878064693961427,10.301753453772584,10.550534100712197,0.5165803185714797,1.3793114285714272,1.7697492857142905,120740,1882,733,101,0,1990-01-02,2021-12-09,2022-01-04,2024-12-11,10.301753453772584,10.4,0.002656748140276302
173,1816,0.6477958623452108,0.8998162976259403,0.6526990197810499,-0.1967357753056694,10.428689427312776,10.625425202618445,0.4955231481481501,1.3320583333333316,1.7236123015873015,119828,1816,733,101,0,1990-01-02,2021-12-09,2022-01-04,2024-12-11,10.428689427312776,10.5,0.004405286343612335
