seed,feature,standardized_mean_difference,train_median,test_median,train_iqr,test_iqr
11,day_of_year_cos,-0.010199297450207494,-0.029025013321975237,-0.033323525711631344,1.372589224484656,1.3338882317284793
11,ph,-0.04454298648688927,7.75,7.8,0.4800000000000004,0.5
11,day_of_year_sin,0.042656938128259145,0.04514101777397193,0.1542040475626894,1.4567346875915619,1.4498557803284604
11,alkalinity_mg_l,0.030599956306191375,81.0,83.0,74.0,73.0
11,nitrate_n_mg_l,-0.18649654472090718,1.09,0.85,1.49,1.24
11,nitrite_n_mg_l,-0.1898178645836865,0.019,0.012,0.02,0.016
23,day_of_year_cos,-0.013519391631436938,-0.029025013321975237,-0.046215046983708354,1.372589224484656,1.3454274685400858
23,ph,-0.0556977444574601,7.76,7.7,0.4900000000000002,0.5
23,day_of_year_sin,0.030187678711500767,0.04514101777397193,0.11371951458594969,1.4567346875915619,1.4600870737080485
23,alkalinity_mg_l,-0.03063681266812551,81.0,81.0,73.0,84.0
23,nitrate_n_mg_l,-0.11501195789470138,1.04,0.97,1.5,1.3199999999999998
23,nitrite_n_mg_l,-0.1807682440734129,0.019,0.012,0.019,0.016
42,day_of_year_cos,-0.0033923981140271424,-0.029025013321975237,-0.013974931019588506,1.372589224484656,1.3519860889231607
42,ph,-0.07333405419678683,7.76,7.7,0.4900000000000002,0.5
42,day_of_year_sin,0.04060606279999167,0.04514101777397193,0.15101559051660995,1.4567346875915619,1.4461342539314064
42,alkalinity_mg_l,-0.14863882856109376,84.0,74.0,75.0,59.0
42,nitrate_n_mg_l,-0.14875463201593572,1.09,0.885,1.54,1.2400000000000002
42,nitrite_n_mg_l,-0.2816574560077991,0.019,0.011,0.022000000000000002,0.012
57,day_of_year_cos,-0.008412352883842681,-0.029025013321975237,-0.031174269516803292,1.372589224484656,1.346418056437349
57,ph,-0.03647556118589382,7.76,7.7,0.4900000000000002,0.5
57,day_of_year_sin,0.03402074561529005,0.04514101777397193,0.13079267585675922,1.4581841408843474,1.4450167918925776
57,alkalinity_mg_l,0.0015187139068681423,83.0,78.0,74.0,70.0
57,nitrate_n_mg_l,-0.09249162980300117,1.09,0.99,1.5,1.3900000000000001
57,nitrite_n_mg_l,-0.1964305623753916,0.019,0.012,0.02,0.014000000000000002
71,day_of_year_cos,-0.013988069628166374,-0.029025013321975237,-0.013974931019588506,1.372589224484656,1.331919139222649
71,ph,-0.09692524801754877,7.76,7.7,0.4900000000000002,0.5999999999999996
71,day_of_year_sin,0.03941579332600538,0.04514101777397193,0.13718540405660057,1.4567346875915619,1.4616378555557525
71,alkalinity_mg_l,-0.17497096404329487,84.0,69.0,73.0,73.0
71,nitrate_n_mg_l,-0.31553393340942754,1.09,0.74,1.54,1.1175
71,nitrite_n_mg_l,-0.4245438726886557,0.02,0.009,0.022000000000000002,0.01
89,day_of_year_cos,-0.012993576841302949,-0.029025013321975237,-0.029025013321975237,1.372589224484656,1.3554373877006585
89,ph,0.05767150831211442,7.75,7.8,0.4800000000000004,0.40000000000000036
89,day_of_year_sin,0.043297465086802565,0.04514101777397193,0.11371951458594969,1.4567346875915619,1.456869411522646
89,alkalinity_mg_l,0.057354449955148316,81.0,82.0,73.0,73.5
89,nitrate_n_mg_l,-0.18358282054785843,1.06,0.86,1.5,1.31
89,nitrite_n_mg_l,-0.2873202667342383,0.019,0.011,0.02,0.012
101,day_of_year_cos,-0.01594615576304508,-0.029025013321975237,-0.046215046983708354,1.372589224484656,1.3420675944756897
101,ph,-0.18729741308696599,7.76,7.7,0.4800000000000004,0.5999999999999996
101,day_of_year_sin,0.03608904588922002,0.04514101777397193,0.1542040475626894,1.4567346875915619,1.4494866400478932
101,alkalinity_mg_l,-0.02706212977305624,82.0,70.0,70.0,93.25
101,nitrate_n_mg_l,-0.28445204100464155,1.1,0.73,1.506,1.36
101,nitrite_n_mg_l,-0.30231737106169915,0.019,0.011,0.02,0.014
123,day_of_year_cos,-0.01041240590707821,-0.029025013321975237,-0.046215046983708354,1.372589224484656,1.3364081372767762
123,ph,-0.0154491332693307,7.75,7.8,0.4800000000000004,0.5
123,day_of_year_sin,0.052376083575009016,0.04514101777397193,0.1542040475626894,1.4567346875915619,1.456869411522646
123,alkalinity_mg_l,0.0031117250814259134,82.0,80.0,74.0,66.0
123,nitrate_n_mg_l,-0.15504435994442578,1.07,0.95,1.5299999999999998,1.18
123,nitrite_n_mg_l,-0.22444755765634875,0.019,0.012,0.02,0.013000000000000001
149,day_of_year_cos,-0.00710437266927466,-0.029025013321975237,-0.013974931019588506,1.372589224484656,1.3454274685400858
149,ph,-0.04438823354138489,7.76,7.8,0.4900000000000002,0.5
149,day_of_year_sin,0.04659154764228175,0.04514101777397193,0.1542040475626894,1.4567346875915619,1.4483691780090642
149,alkalinity_mg_l,0.08573118915523323,82.0,82.0,73.0,87.0
149,nitrate_n_mg_l,-0.09615800030685566,1.07,0.92,1.492,1.35
149,nitrite_n_mg_l,-0.2971635829563683,0.019,0.0115,0.021,0.013000000000000001
173,day_of_year_cos,-0.007062741042092501,-0.029025013321975237,-0.029025013321975237,1.372589224484656,1.3454274685400858
173,ph,0.07141549387852424,7.75,7.8,0.4800000000000004,0.40000000000000036
173,day_of_year_sin,0.053395685717635276,0.04514101777397193,0.15951094710994368,1.4567346875915619,1.4515134076439449
173,alkalinity_mg_l,0.051442880295752565,82.0,83.0,75.0,67.0
173,nitrate_n_mg_l,-0.11194276606607567,1.08,0.94,1.51,1.3900000000000001
173,nitrite_n_mg_l,-0.2597162536047965,0.019,0.011,0.021,0.01125
