metric,splits,mean,std,median,iqr,minimum,maximum
mae,10,0.6792825880014435,0.035263243215888876,0.6762781399340542,0.0468910906194151,0.6297088366820363,0.7387606363404066
rmse,10,0.9560431600833705,0.06801753139450296,0.9489659183853714,0.11019283905648525,0.8474576250794923,1.0581468716418427
r2,10,0.6557780761024785,0.018222408622101647,0.6544131842531798,0.011318683441495558,0.6312031683751588,0.6902642320512173
median_absolute_error,10,0.5122878387354548,0.02267969774212279,0.5084038624338612,0.02281482170636351,0.48334338624338624,0.5651981481481512
p90_absolute_error,10,1.4061321996151996,0.0924599004417221,1.3872548593073601,0.14834862433863183,1.285244920634918,1.5489211640211646
p95_absolute_error,10,1.877758208381433,0.1758643590507687,1.8495558441558415,0.23824965178572155,1.6332373015872967,2.195728571428573
train_rows,10,119657.0,762.78408187085,119659.5,710.5,118523.0,120955.0
test_rows,10,1939.6,119.45078019372201,1901.0,159.75,1816.0,2140.0
train_stations,10,733.0,0.0,733.0,0.0,733.0,733.0
test_stations,10,101.0,0.0,101.0,0.0,101.0,101.0
test_target_mean,10,10.28944333374551,0.12179259350334432,10.303092262991324,0.14510942404267624,10.100046728971964,10.50234291799787
test_target_median,10,10.440000000000001,0.08432740427115648,10.4,0.09999999999999964,10.3,10.6
test_low_do_fraction,10,0.006549566335096983,0.00287330150411643,0.007568105312072535,0.003614361589444077,0.001597444089456869,0.009900990099009901
