seed,do_range,sample_count,empirical_coverage
11,<4,21,0.0
11,4–<8,173,0.6705202312138728
11,8–<12,1712,0.9824766355140186
11,≥12,234,0.9615384615384616
23,<4,15,0.06666666666666667
23,4–<8,157,0.6114649681528662
23,8–<12,1589,0.9804908747640025
23,≥12,245,0.9428571428571428
42,<4,14,0.07142857142857142
42,4–<8,129,0.6666666666666666
42,8–<12,1445,0.9854671280276817
42,≥12,240,0.9625
57,<4,11,0.2727272727272727
57,4–<8,151,0.6423841059602649
57,8–<12,1539,0.9844054580896686
57,≥12,219,0.9634703196347032
71,<4,3,0.0
71,4–<8,71,0.6619718309859155
71,8–<12,1525,0.9862295081967213
71,≥12,279,0.9605734767025089
89,<4,17,0.058823529411764705
89,4–<8,113,0.6106194690265486
89,8–<12,1586,0.987389659520807
89,≥12,267,0.9962546816479401
101,<4,21,0.14285714285714285
101,4–<8,169,0.5325443786982249
101,8–<12,1662,0.9765342960288809
101,≥12,269,0.9739776951672863
123,<4,14,0.21428571428571427
123,4–<8,103,0.5339805825242718
123,8–<12,1450,0.9806896551724138
123,≥12,255,0.9411764705882353
149,<4,5,0.0
149,4–<8,121,0.6776859504132231
149,8–<12,1532,0.9856396866840731
149,≥12,224,0.9419642857142857
173,<4,8,0.0
173,4–<8,83,0.6024096385542169
173,8–<12,1464,0.9863387978142076
173,≥12,261,0.9655172413793104
