seed,mean_absolute_smd,max_absolute_smd,mae,test_low_do_fraction
11,0.08405226461269016,0.1898178645836865,0.7239830321094906,0.009813084112149532
23,0.07097030490610627,0.1807682440734129,0.7007118403285701,0.007477567298105683
42,0.1160639052826057,0.2816574560077991,0.6917851400808798,0.007658643326039387
57,0.06155826096171458,0.1964305623753916,0.6870666291332843,0.005729166666666666
71,0.17756298018551644,0.4245438726886557,0.6297088366820363,0.001597444089456869
89,0.10703668124624417,0.2873202667342383,0.665489650734824,0.008572869389813415
101,0.14219402609643803,0.30231737106169915,0.7387606363404066,0.009900990099009901
123,0.07680687757226973,0.22444755765634875,0.6494160231645987,0.007683863885839737
149,0.09618948771189977,0.2971635829563683,0.6581082290951339,0.002656748140276302
173,0.09249597010081279,0.2597162536047965,0.6477958623452108,0.004405286343612335
