feature,mae_increase_mean,mae_increase_std,test_rows,repeats
day_of_year_cos,0.4430611922074757,0.007245430287423005,5000,5
ph,0.3150208659988202,0.004262928133901002,5000,5
day_of_year_sin,0.28347547989394223,0.005923603460065996,5000,5
alkalinity_mg_l,0.14472116059387324,0.005977292101113184,5000,5
nitrate_n_mg_l,0.0860543916638343,0.0034610949025326463,5000,5
nitrite_n_mg_l,0.07826096075818356,0.003247373003287968,5000,5
conductivity_us_cm,0.0752418623522844,0.002504409217431322,5000,5
ammonia_n_mg_l,0.04946499105170057,0.00286071194336715,5000,5
soluble_reactive_phosphorus_mg_l,0.0445705404443459,0.0014389293019635727,5000,5
bod_mg_l,0.024833251253992873,0.001677337797639212,5000,5
suspended_solids_mg_l,0.01780225621667797,0.002087769505644652,5000,5
ammonia_is_below_limit,0.010273025442643458,0.0009052441617651316,5000,5
phosphorus_is_below_limit,0.002998187360532545,0.000552883115780843,5000,5
nitrite_is_below_limit,0.002080164483947211,0.0005727758083193755,5000,5
suspended_solids_is_below_limit,0.0016533100051026705,0.0006830000598927974,5000,5
bod_is_below_limit,0.0008035370246182394,0.00028415906102071173,5000,5
nitrate_is_below_limit,0.0005781996827321833,0.00013285183621505675,5000,5
alkalinity_is_below_limit,0.00021578262433874507,1.4448468165583204e-05,5000,5
nitrite_is_above_limit,0.0,0.0,5000,5
ammonia_is_above_limit,0.0,0.0,5000,5
nitrate_is_above_limit,0.0,0.0,5000,5
phosphorus_is_above_limit,0.0,0.0,5000,5
alkalinity_is_above_limit,0.0,0.0,5000,5
suspended_solids_is_above_limit,0.0,0.0,5000,5
bod_is_above_limit,-3.431815199606003e-05,1.7008291202991906e-05,5000,5
