feature_set,fold,sample_count,mae,rmse,r2,bias,mean_actual,mean_predicted,median_absolute_error,p90_absolute_error,p95_absolute_error,train_rows,validation_rows
core,1,23938,1.2333677598558954,1.6531840867255865,0.2835794960704332,-0.21849237896286497,10.14433745509232,10.362829834055185,0.9564765873015855,2.627647698412695,3.3008398520923508,95752,23938
core,2,23938,1.1574797417857583,1.601588846066968,0.24691377594312536,0.08635558940157369,10.462632216559445,10.376276627157871,0.8905819745069756,2.4093019841269827,3.096809443241951,95752,23938
core,3,23938,1.1833280765074305,1.7366252675785159,0.20921850904736883,0.06241792217889227,10.463571309215473,10.401153387036581,0.8926567460317414,2.41019507936508,3.128459854497357,95752,23938
core,4,23938,1.2257589754204656,1.7961503792801414,0.24167059956334946,0.002855378383106646,10.364782772161416,10.361927393778311,0.9199726751061128,2.519779285714287,3.2656908843935213,95752,23938
core,5,23938,1.2483734984576478,1.8212787065029177,0.2665265548201924,-0.027701149793105475,10.28857841089481,10.316279560687917,0.9320839345839289,2.55025603174603,3.317627751322741,95752,23938
core_indicators,1,23938,1.2187613823016705,1.6401750716799715,0.2948102545022624,-0.2125416083636863,10.14433745509232,10.356879063456008,0.9393539682539656,2.598477784840995,3.2971091847041825,95752,23938
core_indicators,2,23938,1.1456795957096475,1.5852634723952417,0.262188300501371,0.08741105352352331,10.462632216559445,10.375221163035922,0.884580687830689,2.3762041919191907,3.0692453042328025,95752,23938
core_indicators,3,23938,1.171872454989357,1.7231540195341999,0.22143933310188169,0.06576170266955997,10.463571309215473,10.397809606545913,0.8820556878306878,2.387837671957677,3.098575238095241,95752,23938
core_indicators,4,23938,1.2133958686102275,1.7850192336771233,0.2510405492665314,-0.0013996279807797704,10.364782772161416,10.366182400142197,0.9001609788359799,2.524781242338603,3.2619739682539666,95752,23938
core_indicators,5,23938,1.2347230123161204,1.8041284553289163,0.28027516657894913,-0.023271875957158926,10.28857841089481,10.311850286851971,0.915196031746027,2.5323414285714305,3.274014193121686,95752,23938
core_date,1,23938,0.9723439372329883,1.3990497502696453,0.4869119604300488,-0.22551417739465704,10.14433745509232,10.369851632486979,0.6869707671957723,2.156259653679657,2.898253015873014,95752,23938
core_date,2,23938,0.8991133258376253,1.3582913642830958,0.4583378226040946,0.1117566341174899,10.462632216559445,10.350875582441954,0.6304439153439141,1.925498673918677,2.6274861772486755,95752,23938
core_date,3,23938,0.9192628900278559,1.4816119116674975,0.4244100714015767,0.09775957270557886,10.463571309215473,10.365811736509894,0.6249813492063483,1.951172248677249,2.6815583730158745,95752,23938
core_date,4,23938,0.9762300447833062,1.5637184849062327,0.42523588513474786,-0.005724111485058766,10.364782772161416,10.370506883646476,0.6518525132275146,2.100578730158733,2.8883478174603185,95752,23938
core_date,5,23938,0.9840890359210662,1.5755523769204651,0.4510949005243954,-0.03518915488690987,10.28857841089481,10.323767565781722,0.6554067460317468,2.0957284126984157,2.936654584656087,95752,23938
full,1,23938,0.8956172739529218,1.3065140450242168,0.5525404928102958,-0.1587017527857776,10.14433745509232,10.303039207878099,0.6193833333333316,2.0042300721500768,2.7191817063492034,95752,23938
full,2,23938,0.8328504427707731,1.273041322419012,0.5241964983137426,0.07764002928240653,10.462632216559445,10.384992187277039,0.5776259259259255,1.8025120634920608,2.443151230158731,95752,23938
full,3,23938,0.8521408183966702,1.4045320528838872,0.4827415741774862,0.0686823321198374,10.463571309215473,10.394888977095635,0.5692857142857113,1.8055499062049112,2.4846636111111096,95752,23938
full,4,23938,0.9038414887150197,1.4749258415856736,0.4886563409486304,0.015133543322216614,10.364782772161416,10.349649228839201,0.5938948412698384,1.9549691269841207,2.7184955952380876,95752,23938
full,5,23938,0.9143762217774873,1.503073201236453,0.5004351900711346,-0.05627172220653864,10.28857841089481,10.34485013310135,0.6030469696969654,1.953044444444441,2.7024399278499294,95752,23938
