station_code,sample_count,mae,rmse,r2,bias,mean_actual,mean_predicted,median_absolute_error,p90_absolute_error,p95_absolute_error,unusual_feature_fraction,missing_feature_fraction,extreme_do_fraction,recent_fraction,first_year,last_year,largest_year_fraction,ranking_eligible
UKGBNIF10004,18,0.770406839559617,1.101186377826731,0.7299974530331419,-0.2961886042969367,7.466666666666667,7.762855270963603,0.6059554232804216,1.8039832275132257,2.2973316005290996,0.2546296296296296,0.2222222222222222,0.05555555555555555,0.0,1997,1998,0.6666666666666666,False
UKGBNIF10007,86,0.9679920088539419,1.2038886954152186,0.03266586943700711,0.810684913537544,10.627906976744185,9.817222063206643,0.8150533068783092,2.0412855820105804,2.2987466750841747,0.01058970099667774,0.14470284237726097,0.12790697674418605,0.0,1998,2005,0.13953488372093023,True
UKGBNIF10009,87,1.1308707134840472,1.4813212370027191,-0.03955826556988207,0.902708024193772,10.210344827586207,9.307636803392434,0.9040679894179888,2.0945988359788346,2.850428095238094,0.10242200328407226,0.14176245210727967,0.09195402298850575,0.0,1998,2005,0.13793103448275862,True
UKGBNIF10012,103,0.9912632701494835,1.2500538110436226,-0.23092610831118487,0.19422868341295543,10.053398058252426,9.859169374839471,0.9305928571428588,2.10756417989418,2.7288508994708995,0.11061026352288487,0.15857605177993525,0.019417475728155338,0.0,1997,2005,0.11650485436893204,True
UKGBNIF10029,254,1.1537724969027037,1.7018017886041896,0.23616669748764407,-0.34489858813649177,10.320866141732283,10.665764729868775,0.7611038359788393,2.7490295502645545,3.3909710185185213,0.002312210973628296,0.049868766404199474,0.1732283464566929,0.08267716535433071,1992,2024,0.047244094488188976,True
UKGBNIF10040,119,0.7579951767884187,0.9912276596526997,0.5039392988498073,0.22647586716557871,10.515966386554622,10.289490519389044,0.5426611111111121,1.5685794179894201,1.9790667460317497,0.0,0.3305322128851541,0.16806722689075632,0.0,2000,2009,0.10084033613445378,True
UKGBNIF10041,117,0.687114701055513,0.9381588514843408,0.6143501040048991,0.08082575304878725,10.636068376068373,10.555242623019588,0.5260698412698446,1.4756976190476179,2.0099494708994703,0.016304347826086956,0.34852801519468185,0.18803418803418803,0.0,2000,2009,0.1111111111111111,True
UKGBNIF10042,164,0.6947694983516938,0.9123090050624894,0.5291239567571184,-0.09514268932061622,10.473170731707317,10.568313421027932,0.5239888888888915,1.5012631746031726,1.7185382539682597,0.0,0.17005420054200543,0.1402439024390244,0.1402439024390244,2000,2024,0.07317073170731707,True
UKGBNIF10044,345,0.8661347799725774,1.2580898332648724,0.402962253517984,-0.4085673657335687,10.223478260869566,10.632045626603134,0.5982206349206365,1.9850170370370361,2.6877729100529137,0.001328502415458937,0.03993558776167472,0.13333333333333333,0.19130434782608696,1990,2024,0.034782608695652174,True
UKGBNIF10050,82,1.7226248947078222,2.1047216038591956,-0.5551321122929003,-1.3737035441523253,8.889024390243904,10.262727934396226,1.4995824074074093,3.70028095238096,4.0655330423280365,0.006775067750677507,0.0027100271002710027,0.04878048780487805,0.0,1990,1999,0.1951219512195122,True
UKGBNIF10060,113,0.6275946648533373,0.8621186357805856,0.4926136109288055,0.19147624849421307,10.967256637168143,10.77578038867393,0.4045164021164016,1.2618291341991308,1.6561312698412651,0.0,0.328416912487709,0.23893805309734514,0.0,2000,2009,0.10619469026548672,True
UKGBNIF10067,110,0.6589506015042188,0.9229725030822005,0.5079571603251326,0.19483128408762979,10.859999999999998,10.66516871591237,0.4807896825396831,1.3617331746031793,1.9892398941798974,0.0022727272727272726,0.34141414141414145,0.2,0.0,2000,2009,0.10909090909090909,True
UKGBNIF10077,376,0.7245185761332059,1.107205507817211,0.3970555058231944,0.04952987690690022,10.746702127659574,10.697172250752674,0.5507970899470926,1.3785099206349178,1.8666099206349132,0.04892592592592592,0.044621749408983453,0.17287234042553193,0.18085106382978725,1992,2024,0.031914893617021274,True
UKGBNIF10079,373,0.6472919502104487,0.9779929006094505,0.4180921719196664,0.21504474853911867,11.10857908847185,10.89353433993273,0.4686118326118329,1.340164074074078,1.7870166666666647,0.012069662538831438,0.07149240393208221,0.2359249329758713,0.17158176943699732,1992,2024,0.032171581769437,True
UKGBNIF10080,214,0.7930832070145154,1.1892897882678426,0.31641035747862445,0.35742233820177743,11.038317757009345,10.68089541880757,0.566536243386242,1.7205970899470913,2.5258718470418478,0.03184801958166444,0.08774662512980269,0.21962616822429906,0.0,1992,2015,0.056074766355140186,True
UKGBNIF10081,332,0.7278229722118578,1.1454742573738366,0.2404925890831665,0.3164606941730734,11.040060240963856,10.723599546790783,0.4461043650793588,1.5993802380952442,2.0866337539682513,0.0013386880856760374,0.06325301204819277,0.2289156626506024,0.1746987951807229,1992,2024,0.03614457831325301,True
UKGBNIF10086,405,0.9228846511796387,1.3435935986293872,0.3315319680878118,-0.48700022918188346,9.772345679012346,10.259345908194229,0.6330285714285662,2.2124823809523835,3.0432192929292885,0.0028484991356278484,0.07050754458161865,0.07160493827160494,0.17037037037037037,1990,2024,0.02962962962962963,True
UKGBNIF10090,207,0.8044107152434354,1.1174814494364687,0.4997741155547353,0.011201937767960015,10.395169082125605,10.383967144357642,0.6094142857142817,1.782824603174603,2.3471169405654098,0.0,0.16961889425657542,0.14009661835748793,0.10628019323671498,2000,2024,0.057971014492753624,True
UKGBNIF10091,126,0.9559120160732856,1.312865284008497,0.3105511190827427,-0.08204362108790722,10.425396825396826,10.507440446484733,0.6840039682539683,2.2071022607022543,2.6137685185185204,0.0,0.30952380952380953,0.15873015873015872,0.0,2000,2015,0.09523809523809523,True
UKGBNIF10092,127,0.9686186330717941,1.285888670148971,0.368891230321049,-0.09179905835314227,9.838582677165354,9.930381735518496,0.7632142857142856,2.392006190476191,2.714026507936508,0.004624421947256592,0.24321959755030623,0.11023622047244094,0.0,2000,2015,0.09448818897637795,True
UKGBNIF10098,95,1.8657294736842107,2.2088872214114494,-0.4162659013637564,-1.6736742922963979,8.10736842105263,9.781042713349029,1.7670730158730201,3.323538306878309,3.700808174603174,0.0011695906432748538,0.0023391812865497076,0.031578947368421054,0.0,1990,1997,0.12631578947368421,True
UKGBNIF10101,248,1.1275814994303612,1.540420869455035,0.32365782126009424,-0.7937541336062212,8.823790322580646,9.617544456186867,0.8309912698412685,2.5952148412698457,3.397890449735449,0.0008960573476702509,0.09229390681003584,0.028225806451612902,0.08870967741935484,1992,2024,0.04838709677419355,True
UKGBNIF10103,249,1.0743467014243482,1.4775615584237483,0.30669453835967175,-0.5556624158335245,9.567068273092369,10.122730688925895,0.7073721981721963,2.6410060846560857,3.1420015873015883,0.001394466755912539,0.09192324854975457,0.07630522088353414,0.08835341365461848,1992,2024,0.04819277108433735,True
UKGBNIF10114,247,0.9901300381000019,1.3685693763348297,0.39911097624184544,-0.5169503864845609,9.637044534412954,10.153994920897516,0.6111687830687842,2.4038600089392332,3.073153888888883,0.002516453735965931,0.0935672514619883,0.08502024291497975,0.08097165991902834,1992,2024,0.048582995951417005,True
UKGBNIF10115,371,0.9199361291068132,1.2733603001431968,0.4631148451592223,-0.26778257742140177,9.5633153638814,9.831097941302804,0.599261904761903,2.3331936507936515,2.803754365079364,0.0022798640684819544,0.07607067984426474,0.06199460916442048,0.1752021563342318,1992,2024,0.03234501347708895,True
UKGBNIF10121,168,1.1111070556207163,1.4938470655919087,0.38548015910179834,-0.6561991819898672,8.83,9.486199181989868,0.8704603174603185,2.3364109462759473,2.830711984126988,0.0,0.27843915343915343,0.03571428571428571,0.15476190476190477,2000,2024,0.07142857142857142,True
UKGBNIF10132,89,1.4129853820960563,1.8094283837388414,0.13082821771645847,-0.9743663216725014,8.41123595505618,9.38560227672868,1.2382370370370417,2.867709211159211,3.7718347089947075,0.0,0.0,0.06741573033707865,0.0,1992,1999,0.1348314606741573,True
UKGBNIF10133,283,1.057481029192964,1.5058715513838155,0.3771870576264684,-0.44472272890929254,9.326961130742049,9.771683859651342,0.6551682539682471,2.424709206349201,3.291902279942279,0.006923336710570753,0.08323517864153906,0.0812720848056537,0.07420494699646643,1990,2024,0.04240282685512368,True
UKGBNIF10141,118,0.6207855155330367,0.8431304866740176,0.5714748243317865,0.19241872274641314,10.692966101694916,10.500547378948504,0.45065370370370417,1.4800705555555522,1.9024234126984145,0.0,0.3342749529190207,0.15254237288135594,0.0,2000,2009,0.1016949152542373,True
UKGBNIF10144,64,0.6282457343509436,0.8690777708590182,0.5306751763619654,0.1718955043725879,10.655000000000001,10.483104495627412,0.4776573544490317,1.2160259523809545,1.449049814814813,0.0,0.1440972222222222,0.125,0.0,2004,2009,0.1875,True
UKGBNIF10163,173,0.6570931615625284,0.876652685464442,0.5193731358185426,0.37407431090344706,10.856069364161849,10.481995053258403,0.4735595238095289,1.4263547619047614,1.8284374603174598,0.0006422607578676942,0.1798330122029544,0.2254335260115607,0.11560693641618497,2000,2024,0.06936416184971098,True
UKGBNIF10166,42,0.5485897655695278,0.6937755616403646,0.6693705331793351,0.26234574944455946,11.142857142857142,10.880511393412583,0.4891185185185192,1.0593305555555528,1.322845833333334,0.0,0.1746031746031746,0.23809523809523808,0.0,2006,2009,0.2857142857142857,True
UKGBNIF10183,300,0.8901174906450819,1.2575922861105928,0.21895240709455954,0.41541149648368775,10.917699999999998,10.502288503516313,0.6445699735449697,1.79063687830688,2.587638769841273,0.005401603227690184,0.08481481481481482,0.22,0.06333333333333334,1992,2024,0.04,True
UKGBNIF10200,79,0.5028267128351982,0.679239285267264,0.6310627477526098,-0.10652100641338391,10.61367088607595,10.720191892489334,0.4011359788359812,1.0471090476190468,1.2006069889369886,0.0018552875695732837,0.15752461322081576,0.11392405063291139,0.0,2003,2009,0.1518987341772152,True
UKGBNIF10208,173,0.6295945763720328,0.8911171756224431,0.550859334552444,0.35917783199459474,11.476878612716764,11.117700780722167,0.44674206349206536,1.3696849206349206,1.8668923809523839,0.0014680245894118727,0.20102761721258833,0.3699421965317919,0.09826589595375723,2000,2024,0.06936416184971098,True
UKGBNIF10228,69,0.5963566731396321,0.8284357556975024,0.5772608245908073,0.11585063723115718,10.910724637681158,10.794874000450005,0.4798536452877311,1.1756885329485323,1.4849214285714318,0.0024509803921568627,0.22705314009661834,0.17391304347826086,0.0,2004,2009,0.17391304347826086,True
UKGBNIF10233,485,0.7643822677122715,1.084110651099045,0.4646171636800719,0.24919593425191766,11.290144329896908,11.040948395644989,0.5682333333333283,1.5626969841269833,2.077856560846558,0.004972615768070314,0.058648339060710195,0.3154639175257732,0.12577319587628866,1990,2024,0.05360824742268041,True
UKGBNIF10235,246,0.8302843309400626,1.1446689202829257,0.5731353096286751,0.2060603925628721,10.842276422764227,10.636216030201355,0.6227367003366995,1.659803968253966,2.50254880952381,0.0057346109175377465,0.07859078590785908,0.22764227642276422,0.0,1990,2015,0.04878048780487805,True
UKGBNIF10241,241,0.588582625135737,0.8116441220424017,0.5443881698231077,0.26595195307228525,11.368464730290457,11.102512777218172,0.4284563492063427,1.2478023809523897,1.545580952380961,0.0028979780017124412,0.09266943291839556,0.31950207468879666,0.07053941908713693,1993,2024,0.04979253112033195,True
UKGBNIF10246,144,0.800614120157144,1.0664082366180698,0.3331642466721295,0.3262320328677872,11.403958333333334,11.077726300465546,0.6641849206349182,1.6557608465608464,1.9861505158730133,0.01408589440504334,0.30246913580246915,0.3472222222222222,0.0,2000,2015,0.08333333333333333,True
UKGBNIF10247,217,0.7727316972353899,1.0490347075783923,0.6777285794943035,-0.24534144422163467,9.582488479262672,9.827829923484307,0.5459126984127032,1.6667341269841256,1.9560664021163952,0.0005192107995846313,0.17716333845366103,0.10599078341013825,0.10138248847926268,2000,2024,0.055299539170506916,True
UKGBNIF10248,488,0.8204380299772163,1.1568673902045021,0.6241994198644858,-0.020392585851955868,10.316803278688525,10.337195864540481,0.6056629629629624,1.6896930312986376,2.258454616402117,0.008522727272727272,0.06352459016393443,0.20901639344262296,0.1290983606557377,1990,2024,0.04918032786885246,True
UKGBNIF10249,267,0.7210695508256134,0.9216872872887611,0.5607074168174362,0.41037425573091757,11.260861423220975,10.850487167490057,0.587135714285715,1.4583446031746028,1.7143317460317447,0.003780363155363155,0.10237203495630462,0.3146067415730337,0.09737827715355805,1993,2024,0.0449438202247191,True
UKGBNIF10250,281,0.5999110314900978,0.8007164245968299,0.5868649656936744,0.20428254171178614,11.02491103202847,10.820628490316684,0.48773809523809497,1.2393190476190483,1.540370634920631,0.052731175506976216,0.13562672993277977,0.24555160142348753,0.2313167259786477,2000,2024,0.042704626334519574,True
UKGBNIF10254,79,0.5435849995433532,0.7402180642437763,0.7071193944336249,0.04699714571879064,10.643037974683542,10.596040828964753,0.4740603174603173,1.0359514814814814,1.2185333333333315,0.04731379731379731,0.2433192686357243,0.1518987341772152,0.0,2003,2009,0.1518987341772152,True
UKGBNIF10261,179,0.6933758711327497,0.8994876846255417,0.6027004385498094,0.3178814278975246,10.789664804469274,10.471783376571748,0.585738095238101,1.4757279894179882,1.9809038095238096,0.0049157303370786515,0.2563625077591558,0.18994413407821228,0.12290502793296089,2000,2024,0.0670391061452514,True
UKGBNIF10273,248,0.6984511546368449,0.8988960971047609,0.6610923297920164,0.4053611350477129,10.532862903225805,10.127501768178092,0.5679170634920672,1.4898077248677246,1.815244246031747,0.011503116766274659,0.08243727598566307,0.18951612903225806,0.0,1990,2015,0.09274193548387097,True
UKGBNIF10292,448,1.0816372088398734,1.3950038214706548,0.6585855514569467,-0.41136064887371504,8.428214285714287,8.839574934588,0.8802454064454075,2.293659920634921,2.719842023809523,0.011562977167004012,0.055555555555555546,0.07589285714285714,0.05357142857142857,1990,2024,0.05580357142857143,True
UKGBNIF10297,268,0.8096857748821401,1.1062044645462568,0.4587532730590448,0.3514136408194085,10.326753731343285,9.975340090523876,0.6382044973544954,1.8751278162578164,2.4203200396825384,0.011592652042090243,0.07379767827529021,0.12313432835820895,0.0,1990,2009,0.08582089552238806,True
UKGBNIF10300,253,0.6636689913869191,0.8940116596787582,0.755303057333877,0.19806497322677474,9.923122529644269,9.725057556417493,0.4966253968253973,1.412203333333335,1.668222063492063,0.013810153691106072,0.15634606938954765,0.1225296442687747,0.11857707509881422,1997,2024,0.09090909090909091,True
UKGBNIF10307,158,0.6907947184906043,0.966772429698535,0.5420998691189876,0.10889474120581796,10.310126582278482,10.201231841072662,0.4864297739297756,1.4384745695045686,1.864815238095238,0.020833333333333332,0.0759493670886076,0.0949367088607595,0.12025316455696203,2004,2024,0.0759493670886076,True
UKGBNIF10313,114,0.5801316752318503,0.7716540930894347,0.6390735548633135,0.19703047273064805,10.621929824561406,10.424899351830755,0.46828915343915156,1.1687562169312145,1.508853571428569,0.0,0.3362573099415205,0.16666666666666666,0.0,2000,2009,0.10526315789473684,True
UKGBNIF10318,32,0.5078118461399708,0.6405429279883516,0.6367279162870676,0.3151831935425677,10.984375,10.669191806457432,0.4932985449735474,0.9740358730158779,1.1355105904280867,0.0,0.11805555555555555,0.15625,0.625,2016,2024,0.125,True
UKGBNIF10336,296,0.7436105427213736,1.0631100108708436,0.5332467692671035,0.1051677007493694,9.537466216216215,9.432298515466847,0.5712432539682526,1.493266534391534,1.7182676587301549,0.003120796341135324,0.07169669669669669,0.04054054054054054,0.0,1990,2016,0.04054054054054054,True
UKGBNIF10342,406,1.056400420405083,1.4737234407520552,0.42681001841704425,-0.34894973622336434,8.861083743842364,9.210033480065729,0.7472480158730166,2.3389826118326082,3.4009908730158718,0.10911424652165391,0.07471264367816091,0.03694581280788178,0.046798029556650245,1990,2024,0.06157635467980296,True
UKGBNIF10347,291,0.5728709241490335,0.7957232094612309,0.6952222839914978,0.002826415009198546,9.985910652920962,9.983084237911765,0.4397896825396792,1.131761111111107,1.4373527777777788,0.005304641902580046,0.08094692630775105,0.09621993127147767,0.07216494845360824,1993,2024,0.041237113402061855,True
UKGBNIF10352,227,0.5852032221956831,0.8066027498047145,0.3877999001950465,0.2756963095195196,10.926431718061675,10.650735408542156,0.41655079365079395,1.3209597354497375,1.5517578571428539,0.0031815956926089083,0.15516397454723446,0.13215859030837004,0.09691629955947137,2000,2024,0.05286343612334802,True
UKGBNIF10353,179,0.5350914110398675,0.7506691910464608,0.7063989915093767,0.19305299578442744,10.301396648044692,10.108343652260267,0.3844841269841286,1.0863830687830653,1.5230965608465585,0.004079721776350989,0.0775915580384854,0.09497206703910614,0.10614525139664804,2004,2024,0.0670391061452514,True
UKGBNIF10356,225,0.6413185302023081,0.8267022914245576,0.5933490890929625,0.21742808351319456,9.841333333333335,9.623905249820139,0.5550079365079323,1.3631568253968276,1.677411164021166,0.008306878306878308,0.1560493827160494,0.04,0.08888888888888889,2000,2024,0.05333333333333334,True
UKGBNIF10358,193,0.5821183664347176,0.7986564811136843,0.4912811955204889,0.31281630356571205,11.02020725388601,10.707390950320297,0.4304952380952436,1.3053306349206357,1.5046379365079297,0.0031105324074074073,0.18537708693149108,0.19689119170984457,0.11917098445595854,2000,2024,0.06217616580310881,True
UKGBNIF10361,485,0.7154027209014556,1.122354034837881,0.4274390110430609,0.13602420548788854,10.46637113402062,10.330346928532729,0.5402166666666677,1.4351043001443005,1.8059539682539691,0.00490702479338843,0.055441008018327596,0.12164948453608247,0.11958762886597939,1990,2024,0.049484536082474224,True
UKGBNIF10362,343,0.7796781459488347,1.058984336011894,0.5496302401714046,0.336194005221837,10.561370262390671,10.225176257168835,0.6091523809523824,1.553614391534389,1.9543469047619049,0.008493455861876914,0.05766115970197602,0.18950437317784258,0.0,1990,2014,0.06997084548104957,True
UKGBNIF10375,143,0.481320824182293,0.6210556084854204,0.72642920673793,0.2843894022242971,11.279020979020979,10.994631576796682,0.3829595238095216,0.9500819576719586,1.0471376984127005,0.001554001554001554,0.21522921522921523,0.3006993006993007,0.0,2000,2015,0.08391608391608392,True
UKGBNIF10378,178,0.576541743348204,0.7716055466862877,0.583007401719057,0.3907816690903769,11.205056179775282,10.814274510684903,0.4239633597883605,1.2521558730158744,1.6156598412698417,0.023742643124665598,0.19225967540574282,0.2696629213483146,0.11797752808988764,2000,2024,0.06741573033707865,True
UKGBNIF10380,414,0.7493440789498611,0.986863186468701,0.6040278278859108,0.011166638520179961,10.40586956521739,10.394702926697212,0.6048712962963005,1.5880469841269869,1.8012462373737395,0.004804181559629501,0.057971014492753624,0.17149758454106281,0.04830917874396135,1990,2024,0.057971014492753624,True
UKGBNIF10396,355,0.6606292471668261,0.8920954657219582,0.637316787587467,-0.02340054098560299,10.806676056338027,10.83007659732363,0.5134619047619058,1.430438114478113,1.727363306878313,0.0053790638068258465,0.08982785602503912,0.23943661971830985,0.14084507042253522,1993,2023,0.03380281690140845,True
UKGBNIF10398,134,1.6666422749260366,2.137415415964964,0.349371942493785,-1.1860172932170792,9.085597014925371,10.271614308142452,1.2230284928306752,3.573794735449736,4.278804444444441,0.03356355264752211,0.11608623548922056,0.16417910447761194,0.1791044776119403,2004,2024,0.08955223880597014,True
UKGBNIF10405,48,0.9280569474616512,1.237856584105384,0.3709340359505382,0.6653753667738211,11.220833333333331,10.555457966559512,0.8116472222222226,1.8388474603174603,2.1303505555555557,0.0,0.47222222222222227,0.3333333333333333,0.0,2000,2003,0.25,True
UKGBNIF10406,205,0.6667560139247539,0.907362459973597,0.45657066114145806,0.1495088048680159,10.398048780487802,10.248539975619789,0.4969550264550264,1.4237079365079388,1.977018571428567,0.0006127450980392157,0.16693766937669377,0.12195121951219512,0.08780487804878048,2000,2024,0.05853658536585366,True
UKGBNIF10416,277,0.640979134112311,0.9056933807248092,0.5453555651005265,0.11072006322464865,11.215884476534297,11.105164413309648,0.4679052910052892,1.4267707936507972,1.6676612698412674,0.0021202223368288345,0.1355796229442439,0.30685920577617326,0.20577617328519857,2000,2024,0.04332129963898917,True
UKGBNIF10418,119,0.8096369130903931,1.0587824109444017,0.5112382383461129,0.29165466056470996,10.950420168067224,10.658765507502517,0.6847309523809564,1.8414694179894162,2.266127777777776,0.0,0.2698412698412699,0.31932773109243695,0.0,2000,2009,0.10084033613445378,True
UKGBNIF10420,81,0.6629074014691301,0.8520907960578866,0.6547764086057499,0.016206878900706424,10.392592592592594,10.376385713691887,0.49687503607503913,1.548584920634923,1.7683640211640235,0.0015432098765432098,0.11385459533607681,0.13580246913580246,0.2222222222222222,2007,2024,0.14814814814814814,True
UKGBNIF10427,477,1.121064400701263,1.6280227996061987,0.245876023465604,-0.738088518717233,10.024947589098531,10.763036107815765,0.7198534391534359,2.9349503915343917,3.798482645502644,0.017586769159096204,0.02632191940368041,0.18448637316561844,0.129979035639413,1990,2024,0.050314465408805034,True
UKGBNIF10430,324,0.8388477339322301,1.176144121516596,0.6551704319505354,-0.47365730777174186,10.364938271604938,10.838595579376678,0.5911817460317481,1.9448271428571415,2.430087460317464,0.02976804756990515,0.07098765432098765,0.25308641975308643,0.05555555555555555,1990,2024,0.037037037037037035,True
UKGBNIF10435,116,1.0875576848620399,1.3522013049117372,0.21449657068332184,-0.9285117103384789,10.113793103448277,11.042304813786757,0.9848968253968202,2.120271164021166,2.693187500000002,0.009698275862068966,0.0019157088122605363,0.13793103448275862,0.0,1990,1999,0.10344827586206896,True
UKGBNIF10438,323,0.645739308631466,0.8995481566350688,0.5116270677130961,0.0965684554746267,10.76421052631579,10.667642070841163,0.48590105820105656,1.2773289850889797,1.7145108730158698,0.0021689835354431627,0.0718954248366013,0.18885448916408668,0.05263157894736842,1990,2024,0.03715170278637771,True
UKGBNIF10439,82,0.6534990148596308,0.8334490031875356,0.5892148835567805,0.06839622539053071,10.789024390243902,10.720628164853373,0.4845788359788319,1.486822476190476,1.7158123809523809,0.003869047619047619,0.25474254742547425,0.2073170731707317,0.0,2003,2009,0.14634146341463414,True
UKGBNIF10441,204,0.7404168028626515,1.0557963438061069,0.6155394323313789,0.40547815117301933,11.289313725490196,10.883835574317176,0.49078611111111314,1.7125211351611398,2.0829808945485886,0.006551548011944052,0.08986928104575163,0.3480392156862745,0.3235294117647059,2007,2024,0.058823529411764705,True
UKGBNIF10448,167,0.9626008334350277,1.3706354290944307,0.31310123259028955,-0.26235420191516706,10.45443113772455,10.716785339639719,0.5859904761904797,2.2452684126984126,2.7313000611314564,0.0016332752613240418,0.2275449101796407,0.16167664670658682,0.1377245508982036,2000,2024,0.0718562874251497,True
UKGBNIF10455,337,1.1888365865316857,1.643547520334964,0.24786587597852194,-0.8742031217219596,9.16893175074184,10.043134872463801,0.7411396825396768,2.9161171428571437,3.5694789417989368,0.0032890032890032887,0.08143752060666007,0.05934718100890208,0.06824925816023739,1990,2024,0.0712166172106825,True
UKGBNIF10494,172,1.3613019272806146,1.8248931514066113,0.4090878774475646,0.26501456236668863,8.93296511627907,8.66795055391238,1.0134932539682544,2.9755499735449717,3.976203531746027,0.1455859010270775,0.23449612403100772,0.09883720930232558,0.11627906976744186,1992,2024,0.13953488372093023,True
UKGBNIF10516,68,0.7249479098054677,1.0895199182702566,0.46666069856014547,-0.27665757805660635,11.055882352941175,11.332539930997783,0.5116002645502675,1.2356546825396846,2.1540033994708994,0.02071078431372549,0.2696078431372549,0.2647058823529412,0.0,1994,2000,0.17647058823529413,True
UKGBNIF10519,301,1.3520363258228092,2.1477083140396567,0.3379816664122024,-0.14196004574950893,9.680099667774087,9.822059713523595,0.7632253968253941,3.1005396825396785,4.503000793650792,0.03467908902691511,0.10003691399040236,0.1461794019933555,0.0664451827242525,1993,2024,0.07973421926910298,True
UKGBNIF10521,202,3.1949304521880757,4.508877252044262,0.24234310314044827,1.1874325227284637,10.847524752475247,9.660092229746784,2.022033862433867,7.904133174603179,10.17481982804233,0.041872937293729366,0.00165016501650165,0.42574257425742573,0.0,1990,1999,0.1188118811881188,True
UKGBNIF10528,202,0.8036040879197809,1.1024873279936305,0.6987341420964437,-0.17122197580380755,10.252970297029702,10.42419227283351,0.5497383597883623,1.8291842857142804,2.1780709523809496,0.01987073707370737,0.0027502750275027505,0.21287128712871287,0.0,1990,1999,0.12376237623762376,True
UKGBNIF10530,244,0.7770123647028611,1.0542750916419084,0.6753920177134479,-0.05882422899976601,9.791762295081966,9.850586524081733,0.5938078042328034,1.7479981746031699,2.2606024110149123,0.0009182736455463728,0.09881602914389799,0.13524590163934427,0.04918032786885246,1990,2022,0.04918032786885246,True
UKGBNIF10533,283,1.1946260118253766,1.6837372430412525,0.5896493895454389,-0.7925861545150847,9.07148409893993,9.864070253455012,0.8194126984127053,3.1348350264550255,3.520729285714286,0.005535784895215499,0.1464468001570475,0.14840989399293286,0.22614840989399293,2000,2024,0.04240282685512368,True
UKGBNIF10542,409,1.3889263805580991,2.7425097304117982,0.21700497441751232,0.5812127339493425,11.286674816625917,10.705462082676576,0.6252883597883585,3.1184981924741906,6.8242939682539605,0.010471510471510471,0.07470795979353437,0.22982885085574573,0.16381418092909536,1990,2024,0.029339853300733496,True
UKGBNIF10543,86,2.9695065954674082,4.958295599055876,0.03592517927307182,0.39572073430875876,11.281395348837208,10.885674614528451,1.47436058201058,6.21941190476191,14.119784325396822,0.015503875968992248,0.0025839793281653744,0.2441860465116279,0.0,1990,1999,0.13953488372093023,True
UKGBNIF10546,281,1.4724710785324588,2.9582634649644435,0.3888138527180576,0.27583175489576844,10.439679715302491,10.163847960406722,0.7054634920634957,3.1966246031746044,4.812607936507936,0.014713830574045628,0.0948991696322657,0.17793594306049823,0.06761565836298933,1992,2024,0.042704626334519574,True
UKGBNIF10551,115,0.694337844772827,0.9222184835561196,0.21969291433236693,0.13883001039937648,10.88782608695652,10.748996076557146,0.5858801587301627,1.252684920634915,1.725390465608465,0.007246376811594202,0.26666666666666666,0.14782608695652175,0.0,2000,2009,0.10434782608695652,True
UKGBNIF10552,115,0.6358948584394671,0.8178254910631565,0.3186312047942027,0.0573299242110547,11.079478260869568,11.02214833665851,0.551630423280427,1.3630676719576704,1.5950594708994632,0.003140096618357488,0.26666666666666666,0.16521739130434782,0.0,2000,2009,0.10434782608695652,True
UKGBNIF10554,139,0.8630731284170133,1.1948992731119694,0.1629094101880405,-0.17868703332372374,10.662589928057553,10.84127696138128,0.6536785714285749,1.997255714285715,2.7276976984126993,0.003654219481557611,0.13429256594724218,0.15827338129496402,0.0,1998,2009,0.08633093525179857,True
UKGBNIF10557,255,0.518802122671809,0.7466201989014606,0.5224626042939147,0.02049893107763765,11.077254901960783,11.056755970883147,0.3747023809523853,1.026826349206352,1.3317329629629633,0.0037192654839713663,0.10108932461873638,0.21176470588235294,0.0784313725490196,1993,2024,0.047058823529411764,True
UKGBNIF10561,113,0.801141945104562,1.0310140640415755,0.5363417115147759,-0.11406977734539075,10.683982300884953,10.798052078230345,0.6705261904761937,1.5628162433862443,2.0253970899470874,0.007293007293007293,0.34119960668633237,0.25663716814159293,0.0,2000,2009,0.10619469026548672,True
UKGBNIF10568,104,0.868915465136715,1.1331565405547042,0.13143434606452942,0.08675769559144561,10.585576923076925,10.498819227485477,0.6644503968253979,1.8332438888888924,2.306717301587302,0.11810897435897436,0.2959401709401709,0.11538461538461539,0.0,1992,2000,0.23076923076923078,True
UKGBNIF10571,37,0.42825438490438517,0.5886967335080064,0.7643254306730468,0.04129607724607714,10.759459459459459,10.71816338221338,0.288149735449732,1.0189460317460373,1.376460317460313,0.0033783783783783786,0.10510510510510511,0.21621621621621623,0.6756756756756757,2016,2024,0.13513513513513514,True
UKGBNIF10575,232,2.2281735648584533,3.1289820621012105,0.12316560435421098,-1.4815569314471646,6.284827586206896,7.766384517654062,1.8717191798941748,4.278704603174606,4.885803412698408,0.12037957211870255,0.29310344827586204,0.2801724137931034,0.25,2000,2024,0.05172413793103448,True
UKGBNIF10588,34,0.5676702925614686,0.8151862087689464,0.4314930549180729,-0.020198895113601335,10.314705882352941,10.334904777466544,0.39535515873015825,1.3797771693121657,1.9593480952380913,0.011029411764705883,0.2091503267973856,0.029411764705882353,0.0,1997,2000,0.35294117647058826,True
UKGBNIF10591,35,0.7907535033326452,0.9832051901556398,0.7733374971217323,0.0680238209303936,10.028571428571428,9.960547607641034,0.6052005291005251,1.7052109090909082,1.8946058874458853,0.03333333333333333,0.20634920634920637,0.17142857142857143,0.0,1997,2000,0.34285714285714286,True
UKGBNIF10595,88,0.6885413305129219,0.8777021357184622,0.4333686773993817,-0.03620298165639073,10.85,10.88620298165639,0.5379547619047633,1.5117378835978865,1.8040465740740732,0.028409090909090908,0.2840909090909091,0.18181818181818182,0.0,1992,2000,0.13636363636363635,True
UKGBNIF10611,66,0.6744262472488229,0.9201413412237719,0.5073592737412682,0.009895782573206582,10.404545454545454,10.394649671972246,0.506711243386242,1.4869310726310676,1.9474706349206343,0.004329004329004329,0.12457912457912457,0.10606060606060606,0.0,2004,2009,0.18181818181818182,True
UKGBNIF10615,160,0.5622747700006447,0.7441815168309392,0.6117349294748212,0.12864634798284785,10.833749999999998,10.705103652017153,0.44873809523809616,1.0867598051948038,1.5522230423280403,0.00716765873015873,0.07777777777777777,0.23125,0.13125,2004,2024,0.075,True
UKGBNIF10639,371,0.5415900760395639,0.8651069685482466,0.5409816757178877,0.06294141458222298,11.000539083557952,10.93759766897573,0.3520698412698433,1.1674619047619075,1.5807746031746053,0.006866897702477216,0.07427373465109313,0.2183288409703504,0.1778975741239892,1993,2024,0.03234501347708895,True
UKGBNIF10641,256,0.7468511863801708,1.1686589468735362,0.46412304348604816,0.2065047905393216,10.81328125,10.60677645946068,0.5168678571428558,1.4602966931216939,1.8303911375661377,0.002526661706349206,0.09982638888888888,0.2109375,0.07421875,1993,2024,0.046875,True
UKGBNIF10646,256,0.6386755977760666,0.8450771599874832,0.4109109585270738,0.27381351556718714,11.11875,10.844936484432813,0.4753791005291017,1.3923328042328045,1.7728182539682482,0.000992063492063492,0.10416666666666666,0.2265625,0.08203125,1993,2024,0.046875,True
UKGBNIF10657,416,0.5766902203543427,0.7381191610482436,0.5923820680131519,0.21549977263077025,10.889567307692307,10.674067535061537,0.4784599206349194,1.1963318302068302,1.4380067460317476,0.0008051529790660225,0.06997863247863248,0.19230769230769232,0.16346153846153846,1993,2024,0.057692307692307696,True
UKGBNIF10663,469,0.5693650280446869,0.7543871892346818,0.6279003794640389,0.09535412410222635,10.881663113006397,10.786308988904171,0.4420656084656134,1.2544739682539667,1.543783068783067,0.12628608657393306,0.006870409855484482,0.21108742004264391,0.14285714285714285,1991,2024,0.057569296375266525,True
UKGBNIF10664,309,0.5801309545219254,0.8409490913182452,0.5824506770892935,-0.08165972728577858,10.845954692556637,10.927614419842413,0.4246378306878249,1.1869130158730128,1.6154661904761898,0.003955411722402013,0.06292700467457749,0.21035598705501618,0.22006472491909385,1998,2024,0.038834951456310676,True
UKGBNIF10665,433,0.5761301889368863,0.7639124742869472,0.6206459445052668,-0.07430741417508145,10.703002309468822,10.777309723643903,0.45223148148148695,1.1946447089947083,1.5461118730158727,0.004472304703251585,0.03002309468822171,0.16628175519630484,0.15704387990762125,1992,2024,0.05542725173210162,True
UKGBNIF10673,168,0.6792424192320026,0.9071361797514131,0.6770851501595678,-0.11147246544240544,9.989285714285714,10.10075817972812,0.5256138888888913,1.3919149735449745,1.832692658730159,0.0008503401360544217,0.08267195767195766,0.09523809523809523,0.02976190476190476,1998,2021,0.07142857142857142,True
UKGBNIF10675,305,1.0572936841058151,1.4454788116746637,0.6197944256313129,0.09204120766179803,9.766557377049182,9.674516169387381,0.8267142857142868,2.1807447619047617,2.8415773160173177,0.04867941712204007,0.07650273224043716,0.1737704918032787,0.06885245901639345,1994,2024,0.07868852459016394,True
UKGBNIF10679,269,0.670181720630294,1.046899085636798,0.54357944484169,0.3118836488163858,10.980371747211898,10.66848809839551,0.47936058201057996,1.2677835978835952,1.6893264550264604,0.0035536602700781805,0.08839322593969433,0.25650557620817843,0.08178438661710037,1992,2024,0.08921933085501858,True
UKGBNIF10687,75,0.7471413796376468,1.0260608713082653,0.6236043992918243,0.02001469296136014,10.402666666666667,10.382651973705306,0.6414428571428523,1.413131851851855,1.8589466190476158,0.0,0.22962962962962963,0.21333333333333335,0.0,2003,2009,0.16,True
UKGBNIF10688,459,0.7103372206055675,0.9432880854100409,0.6260323030660615,0.056875399175162406,10.26115468409586,10.204279284920698,0.5814933862433858,1.5096069841269866,1.9180754074629054,0.0037034142614011324,0.06245461147421931,0.13507625272331156,0.1503267973856209,1991,2024,0.05228758169934641,True
UKGBNIF10698,78,0.6600690204240206,0.8596847576265412,0.605274893615908,-0.23631719077219068,10.462820512820514,10.699137703592706,0.5081051851851868,1.586615079365077,1.6948576984126957,0.002564102564102564,0.22792022792022792,0.11538461538461539,0.0,2003,2009,0.15384615384615385,True
UKGBNIF10700,475,1.013534828698008,1.3830043563464947,0.22833469373014914,-0.6166499980759981,9.574315789473683,10.19096578754968,0.7444196969696968,2.295307301587301,2.9020910317460324,0.0029699248120300748,0.05707602339181286,0.06315789473684211,0.1431578947368421,1990,2024,0.05052631578947368,True
UKGBNIF10721,353,1.0934528140435789,1.482705585618313,0.19562133052297215,-0.38442846890597604,9.824362606232295,10.20879107513827,0.7549632275132296,2.580086392496388,2.970078835978832,0.0026080309366428344,0.06515580736543909,0.07932011331444759,0.0679886685552408,1991,2024,0.0679886685552408,True
UKGBNIF10734,383,0.6474283570833964,0.8652551040824904,0.6422406204712596,0.035908627131499275,10.282767624020888,10.246858996889388,0.5235992063492105,1.3167666666666669,1.5997525925925913,0.004926644286957603,0.062082970699158684,0.13577023498694518,0.05221932114882506,1991,2024,0.06527415143603134,True
UKGBNIF10738,250,0.5802331530039164,0.8035503582937694,0.6587483062278952,0.04891135711684007,10.56564,10.51672864288316,0.4112273809523783,1.201641349206345,1.7180876984127025,0.000892458723784025,0.05288888888888889,0.188,0.048,1991,2022,0.048,True
UKGBNIF10750,310,0.7408678872035965,1.0400979127629284,0.5574697413484733,-0.0742717796958118,10.22258064516129,10.296852424857102,0.5500182539682514,1.4887905291005306,2.0066434523809544,0.0018945212493599588,0.06308243727598566,0.11612903225806452,0.0,1991,2015,0.07741935483870968,True
UKGBNIF10754,161,0.7251354827469988,0.9260149835261644,0.496389416557824,0.2944532227617575,11.014844720496894,10.720391497735138,0.5716888888888807,1.4616592592592568,1.857389682539683,0.00078125,0.22015182884748102,0.2608695652173913,0.12422360248447205,2000,2024,0.07453416149068323,True
UKGBNIF10756,162,0.8214442245639617,1.118503259460664,0.3356901892426092,0.45353913968542015,11.010802469135802,10.557263329450382,0.6915833333333365,1.7761403968253924,2.278306216931217,0.0,0.2290809327846365,0.25308641975308643,0.12962962962962962,2000,2024,0.07407407407407407,True
UKGBNIF10757,288,0.45415028148153463,0.5962295542897221,0.5805541470329607,0.16209541525979343,10.946666666666667,10.784571251406874,0.337766666666667,1.0174897354497383,1.2558548677248713,0.0053509208561473365,0.14043209876543208,0.14583333333333334,0.22916666666666666,2000,2024,0.041666666666666664,True
UKGBNIF10763,325,0.8191737534317532,1.054165174585783,0.49211618363482734,0.34097522470122454,9.678461538461539,9.337486313760316,0.7033968253968252,1.6456403174603198,2.0550189947089943,0.008144078144078144,0.0776068376068376,0.036923076923076927,0.20615384615384616,1997,2024,0.036923076923076927,True
UKGBNIF10867,55,0.6077731740784472,0.872375925200408,0.6328492642330453,0.18236470077397376,10.690909090909091,10.508544390135118,0.43184365079365605,1.1910060317460354,1.409293809523805,0.0030303030303030303,0.16767676767676767,0.2,0.0,2001,2005,0.21818181818181817,True
UKGBNIF10899,162,0.5623176036366468,0.7835269937607457,0.6355697871462487,0.16403356691433899,10.827592592592593,10.663559025678254,0.42686998556998645,1.1500574603174618,1.6951508862433817,0.002864583333333333,0.0905349794238683,0.2037037037037037,0.12962962962962962,2004,2024,0.07407407407407407,True
UKGBNIF10914,112,0.6565732168661996,0.8650468550531626,0.5997544296095623,-0.12955125447012977,10.714285714285714,10.843836968755843,0.5410773809523803,1.3937603174603235,1.8197621031746027,0.0,0.1130952380952381,0.20535714285714285,0.13392857142857142,2004,2024,0.10714285714285714,True
UKGBNIF10915,111,0.6029636462421758,0.8576828873463014,0.6444236370013283,0.22303556552370324,11.154234234234234,10.93119866871053,0.3879936507936552,1.2440301587301654,1.7665995189995174,0.009289321789321788,0.1151151151151151,0.2702702702702703,0.14414414414414414,2004,2024,0.10810810810810811,True
UKGBNIF10923,202,0.8070091505910664,1.0853161431513263,0.6646154817478851,-0.5395712822141184,8.681188118811882,9.220759401026,0.6036921957671977,1.7176345767195793,2.1941401058201078,0.010611624417594567,0.1716171617161716,0.0297029702970297,0.30198019801980197,2004,2024,0.0594059405940594,True
UKGBNIF10924,236,0.6904000879377993,0.9467211960649228,0.6909750779297403,-0.39221320172294666,10.508474576271187,10.900687777994134,0.4910259259259284,1.542221428571426,2.052931349206353,0.02283427495291902,0.035781544256120526,0.2584745762711864,0.2542372881355932,2004,2024,0.05084745762711865,True
UKGBNIF10931,231,0.5382192605134165,0.7847030537271342,0.6200944155356691,-0.25581035284260417,10.644155844155845,10.899966196998447,0.4162587301587326,1.0357976190476208,1.5350657407407393,0.18540850683707824,0.04184704184704185,0.17316017316017315,0.27705627705627706,2004,2024,0.05194805194805195,True
UKGBNIF10933,245,0.6635824023569911,0.8982711028021826,0.6691655946220944,-0.05404116558819147,10.67861224489796,10.73265341048615,0.4910238095238082,1.4274838095238074,1.838622539682541,0.01390528663255936,0.050793650793650794,0.23265306122448978,0.2693877551020408,2004,2024,0.04897959183673469,True
UKGBNIF10935,41,1.2907499782963197,1.7030390669681519,0.7395504459559834,-0.7546253428594881,8.365853658536585,9.120479001396074,1.0922603174603172,2.5091359788359746,3.978979365079366,0.0027100271002710027,0.024390243902439025,0.21951219512195122,0.0,2004,2007,0.2926829268292683,True
UKGBNIF10938,107,0.472724041123293,0.6425793426422197,0.6577195343498059,0.14756227544694844,10.966355140186913,10.818792864739967,0.3601494949494981,1.0175001058201056,1.2851952525252515,0.0010384215991692627,0.06853582554517133,0.2523364485981308,0.205607476635514,2004,2024,0.11214953271028037,True
UKGBNIF10949,61,0.6574121409622922,0.8473579578676346,0.41452958143008634,0.1821913562218345,10.688360655737704,10.506169299515868,0.5423444444444439,1.3893878306878307,1.5474476190476185,0.027744708994708992,0.12021857923497267,0.13114754098360656,0.0,2004,2009,0.19672131147540983,True
UKGBNIF10961,6,0.5157085097001767,0.6920437522249056,0.7273674259998899,-0.40701168430335066,9.799999999999999,10.207011684303351,0.4913759259259294,1.0339056878306856,1.177841468253967,0.0,0.05555555555555555,0.16666666666666666,0.0,2004,2007,0.5,False
UKGBNIF10973,119,0.9138113520155542,1.141365528849729,0.4070512310798391,-0.6781848994143119,9.925210084033612,10.603394983447926,0.7562460317460307,1.560131957671957,2.5241441005291017,0.0018674136321195143,0.021475256769374416,0.07563025210084033,0.0,2005,2016,0.10084033613445378,True
UKGBNIF10974,114,0.9379761061323341,1.204297475698195,0.17617404416623395,-0.46399307852965704,10.078070175438597,10.542063253968253,0.7559634920634908,1.8831398677248656,2.3321013227513196,0.0030458089668615983,0.016569200779727095,0.07017543859649122,0.0,2005,2016,0.10526315789473684,True
UKGBNIF10975,108,1.1266994078795,1.306877116634836,-0.1861146406565397,-1.0372917305773788,9.631481481481481,10.668773212058861,1.045478571428573,2.220713650793651,2.3473912433862427,0.0010288065843621398,0.018518518518518517,0.018518518518518517,0.0,2005,2016,0.1111111111111111,True
UKGBNIF10978,158,0.6624065852923449,0.8952587615116153,0.577992541293476,0.11005299849002358,10.677215189873417,10.567162191383394,0.529923809523809,1.4243810317460324,1.6903905820105836,0.0,0.0450070323488045,0.16455696202531644,0.3860759493670886,2007,2024,0.0759493670886076,True
UKGBNIF10986,1,1.0174571428571433,1.0174571428571433,,-1.0174571428571433,10.0,11.017457142857143,1.0174571428571433,1.0174571428571433,1.0174571428571433,0.0,0.2222222222222222,0.0,0.0,2007,2007,1.0,False
UKGBNIF11021,2,1.4622825396825405,1.8719063687686501,-349.4033453436596,-1.1686587301587288,9.7,10.868658730158728,1.4622825396825405,2.3972095238095235,2.514075396825396,0.0,0.0,0.0,0.0,2006,2006,1.0,False
UKGBNIF11204,196,0.6752826808659967,0.8640197587695774,0.5933697266734526,-0.16694838332302597,10.258673469387755,10.425621852710782,0.5212428571428598,1.4149440235690234,1.774868458393458,0.003401360544217687,0.007936507936507936,0.10204081632653061,0.33163265306122447,2008,2024,0.061224489795918366,True
UKGBNIF11211,84,0.47348030331661245,0.5989182649872433,0.6251217883474334,0.07371730485123303,11.163095238095238,11.089377933244005,0.38098134920635385,1.0039525180375186,1.2712563492063451,0.0,0.11111111111111109,0.20238095238095238,0.25,2008,2024,0.14285714285714285,True
UKGBNIF11215,6,0.6527735890652565,0.8293434761118176,0.765962366263777,0.45348276014109157,11.933333333333335,11.47985057319224,0.562255291005294,1.2411519841269811,1.450091468253965,0.020833333333333332,0.1111111111111111,0.5,0.0,2008,2008,1.0,False
UKGBNIF11217,81,0.7136586793345712,0.9139559786111534,0.79209488966745,-0.19960105013249757,9.224567901234566,9.424168951367067,0.5000148148148114,1.5056285714285718,1.7891140211640248,0.06690777576853527,0.139917695473251,0.09876543209876543,0.2345679012345679,2008,2024,0.14814814814814814,True
UKGBNIF11253,73,0.5166552023825998,0.8259897232747326,0.4250765614051937,0.3459600578518388,10.704109589041096,10.358149531189257,0.3849708994708969,0.9643936507936505,1.1676490476190418,0.0030441400304414,0.0502283105022831,0.1643835616438356,0.2602739726027397,2008,2024,0.1643835616438356,True
UKGBNIF11259,56,0.7175119986213669,1.0310164301390474,0.27910981207982877,0.5097499533409703,10.688571428571427,10.178821475230459,0.552608862433865,1.4587384920634898,2.1422927248677186,0.0,0.15079365079365079,0.16071428571428573,0.35714285714285715,2009,2024,0.19642857142857142,True
UKGBNIF11287,100,0.7749103752684975,1.0737018963011467,0.34951437483176395,0.5684541903683475,10.986899999999999,10.418445809631653,0.5893912698412684,1.61688444444444,1.8969712698412706,0.02962018140589569,0.06111111111111111,0.24,0.21,2009,2024,0.12,True
UKGBNIF11289,170,0.45560897514903415,0.640666154741118,0.7046544015923621,0.033977148139442255,10.972941176470588,10.938964028331146,0.36473531746031895,0.8951896777296745,1.1051195502645532,0.00130718954248366,0.04379084967320261,0.2,0.36470588235294116,2009,2024,0.07058823529411765,True
UKGBNIF11295,28,0.5959677317391602,0.8723769529229807,0.5737923784037027,0.25346434583934574,9.971428571428572,9.717964225589226,0.3820904160654157,1.3215210052910036,1.9948515079365077,0.03571428571428571,0.0992063492063492,0.07142857142857142,0.0,2013,2015,0.42857142857142855,True
UKGBNIF11314,116,0.48167840967142667,0.6623455421121557,0.632093116452374,0.04814932946044996,10.941379310344827,10.893229980884378,0.4036851851851857,1.0444023809523806,1.4326839947089982,0.0020354406130268198,0.018199233716475097,0.19827586206896552,0.5603448275862069,2010,2024,0.10344827586206896,True
UKGBNIF11316,63,0.43836920069935925,0.5951800387824365,0.745209327633716,0.09495119906548435,10.48730158730159,10.392350388236101,0.33085555555555146,0.8803388888888904,1.2547523544973533,0.0,0.06525573192239859,0.1111111111111111,0.38095238095238093,2013,2024,0.19047619047619047,True
UKGBNIF11318,14,0.6735559850202714,0.8954986644359547,0.3827767517404699,0.1287535009963585,10.907142857142857,10.778389356146496,0.5680149470899458,1.0147491269841244,1.5214553571428546,0.0,0.07936507936507937,0.14285714285714285,0.0,2010,2015,0.7142857142857143,False
UKGBNIF11323,64,0.6302370742394179,0.9439568683868992,0.5118704196506919,-0.17504633875961978,10.7046875,10.87973383875962,0.42656666666666787,1.1925996560846557,1.755975833333333,0.00390625,0.10069444444444443,0.1875,0.375,2011,2024,0.1875,True
UKGBNIF11324,95,0.5127887722842458,0.6509795468764674,0.643152439032781,0.09180119171666568,10.64842105263158,10.556619860914914,0.3971793650793618,1.0673338095238103,1.2415775396825426,0.011403508771929824,0.042105263157894736,0.14736842105263157,0.22105263157894736,2010,2024,0.12631578947368421,True
UKGBNIF11328,95,0.5002823465228727,0.7171854735243267,0.73976659397587,-0.017616272246272567,11.032631578947367,11.05024785119364,0.3702587301587297,1.1156990476190503,1.3146850793650773,0.004824561403508771,0.043274853801169584,0.2631578947368421,0.23157894736842105,2010,2024,0.12631578947368421,True
UKGBNIF11330,63,0.4183622853630794,0.510007813692075,0.7972703053926004,0.12404977858707959,10.81746031746032,10.693410538873236,0.3961068783068793,0.7706780663780685,0.8356532804232819,0.0,0.06349206349206349,0.12698412698412698,0.38095238095238093,2013,2024,0.19047619047619047,True
UKGBNIF11331,61,0.8740401091319125,1.179471114143385,0.6656281814099663,0.13447085846757884,9.018032786885247,8.883561928417668,0.6148325396825394,1.7935317460317481,2.1858177248677295,0.012295081967213115,0.10382513661202185,0.04918032786885246,0.3442622950819672,2013,2024,0.19672131147540983,True
UKGBNIF11332,28,0.4610535353535353,0.6496632714029625,0.7175563184596137,0.20693421803064688,11.132142857142858,10.925208639112212,0.2408941798941786,0.9176498148148193,1.3581771428571416,0.0,0.11111111111111109,0.2857142857142857,0.5714285714285714,2016,2024,0.14285714285714285,True
UKGBNIF11420,5,0.9697503174603149,1.1183944764329439,-2.636064549173605,0.7799103174603154,12.000000000000002,11.220089682539685,0.7319587301587251,1.6530917460317451,1.69465857142857,0.0,0.0,0.4,0.0,2012,2013,0.8,False
UKGBNIF11449,74,1.5621367964652964,1.9552190969774508,0.44078443982793525,-0.6995659484744489,7.591891891891891,8.291457840366341,1.2218662698412723,3.353533333333335,3.7136075396825388,0.00487987987987988,0.33633633633633636,0.13513513513513514,0.7837837837837838,2015,2024,0.16216216216216217,True
UKGBNIF11471,69,0.7250964969276568,0.8864440138856221,0.7766326452669675,-0.13785448424361535,9.108695652173916,9.24655013641753,0.6590714285714281,1.4371914814814792,1.5756316883116908,0.0018115942028985507,0.3494363929146538,0.043478260869565216,0.8260869565217391,2016,2024,0.17391304347826086,True
UKGBNIF11483,70,0.6594018413729131,0.8607483735974137,0.6180508756640956,0.3734251911976912,10.471428571428572,10.09800338023088,0.5575587301587319,1.3447070634920621,1.8161180952380935,0.030357142857142857,0.36190476190476195,0.12857142857142856,0.8285714285714286,2016,2024,0.17142857142857143,True
UKGBNIF11484,11,0.6149080493580491,0.7631010058083789,0.7824603255543163,-0.3789853609353601,10.036363636363635,10.415348997298997,0.4393608465608523,1.4410912698412748,1.4427976190476226,0.011363636363636364,0.1111111111111111,0.09090909090909091,0.45454545454545453,2016,2020,0.36363636363636365,False
UKGBNIF11514,21,0.5209696032626993,0.6260460361894656,0.6774600003956353,0.12327381087166892,9.523809523809522,9.400535712937854,0.560125396825395,1.0006756632256693,1.048654761904765,0.0,0.4074074074074074,0.0,1.0,2023,2024,0.5714285714285714,True
UKGBNIF11515,12,0.604897883597883,0.7663526353692758,0.5316979008240182,0.4100031305114631,11.291666666666666,10.881663536155203,0.50921507936508,0.901438968253964,1.3974430555555521,0.041666666666666664,0.07407407407407407,0.25,1.0,2024,2024,1.0,False
