station_code,sample_count,mae,rmse,r2,bias,mean_actual,mean_predicted,median_absolute_error,p90_absolute_error,p95_absolute_error,unusual_feature_fraction,missing_feature_fraction,extreme_do_fraction,recent_fraction,first_year,last_year,largest_year_fraction,ranking_eligible,rank_group
UKGBNIF11330,63,0.4183622853630794,0.510007813692075,0.7972703053926004,0.12404977858707959,10.81746031746032,10.693410538873236,0.3961068783068793,0.7706780663780685,0.8356532804232819,0.0,0.06349206349206349,0.12698412698412698,0.38095238095238093,2013,2024,0.19047619047619047,True,lowest MAE
UKGBNIF10571,37,0.42825438490438517,0.5886967335080064,0.7643254306730468,0.04129607724607714,10.759459459459459,10.71816338221338,0.288149735449732,1.0189460317460373,1.376460317460313,0.0033783783783783786,0.10510510510510511,0.21621621621621623,0.6756756756756757,2016,2024,0.13513513513513514,True,lowest MAE
UKGBNIF11316,63,0.43836920069935925,0.5951800387824365,0.745209327633716,0.09495119906548435,10.48730158730159,10.392350388236101,0.33085555555555146,0.8803388888888904,1.2547523544973533,0.0,0.06525573192239859,0.1111111111111111,0.38095238095238093,2013,2024,0.19047619047619047,True,lowest MAE
UKGBNIF10757,288,0.45415028148153463,0.5962295542897221,0.5805541470329607,0.16209541525979343,10.946666666666667,10.784571251406874,0.337766666666667,1.0174897354497383,1.2558548677248713,0.0053509208561473365,0.14043209876543208,0.14583333333333334,0.22916666666666666,2000,2024,0.041666666666666664,True,lowest MAE
UKGBNIF11289,170,0.45560897514903415,0.640666154741118,0.7046544015923621,0.033977148139442255,10.972941176470588,10.938964028331146,0.36473531746031895,0.8951896777296745,1.1051195502645532,0.00130718954248366,0.04379084967320261,0.2,0.36470588235294116,2009,2024,0.07058823529411765,True,lowest MAE
UKGBNIF11332,28,0.4610535353535353,0.6496632714029625,0.7175563184596137,0.20693421803064688,11.132142857142858,10.925208639112212,0.2408941798941786,0.9176498148148193,1.3581771428571416,0.0,0.11111111111111109,0.2857142857142857,0.5714285714285714,2016,2024,0.14285714285714285,True,lowest MAE
UKGBNIF10938,107,0.472724041123293,0.6425793426422197,0.6577195343498059,0.14756227544694844,10.966355140186913,10.818792864739967,0.3601494949494981,1.0175001058201056,1.2851952525252515,0.0010384215991692627,0.06853582554517133,0.2523364485981308,0.205607476635514,2004,2024,0.11214953271028037,True,lowest MAE
UKGBNIF11211,84,0.47348030331661245,0.5989182649872433,0.6251217883474334,0.07371730485123303,11.163095238095238,11.089377933244005,0.38098134920635385,1.0039525180375186,1.2712563492063451,0.0,0.11111111111111109,0.20238095238095238,0.25,2008,2024,0.14285714285714285,True,lowest MAE
UKGBNIF10375,143,0.481320824182293,0.6210556084854204,0.72642920673793,0.2843894022242971,11.279020979020979,10.994631576796682,0.3829595238095216,0.9500819576719586,1.0471376984127005,0.001554001554001554,0.21522921522921523,0.3006993006993007,0.0,2000,2015,0.08391608391608392,True,lowest MAE
UKGBNIF11314,116,0.48167840967142667,0.6623455421121557,0.632093116452374,0.04814932946044996,10.941379310344827,10.893229980884378,0.4036851851851857,1.0444023809523806,1.4326839947089982,0.0020354406130268198,0.018199233716475097,0.19827586206896552,0.5603448275862069,2010,2024,0.10344827586206896,True,lowest MAE
UKGBNIF10542,409,1.3889263805580991,2.7425097304117982,0.21700497441751232,0.5812127339493425,11.286674816625917,10.705462082676576,0.6252883597883585,3.1184981924741906,6.8242939682539605,0.010471510471510471,0.07470795979353437,0.22982885085574573,0.16381418092909536,1990,2024,0.029339853300733496,True,highest MAE
UKGBNIF10132,89,1.4129853820960563,1.8094283837388414,0.13082821771645847,-0.9743663216725014,8.41123595505618,9.38560227672868,1.2382370370370417,2.867709211159211,3.7718347089947075,0.0,0.0,0.06741573033707865,0.0,1992,1999,0.1348314606741573,True,highest MAE
UKGBNIF10546,281,1.4724710785324588,2.9582634649644435,0.3888138527180576,0.27583175489576844,10.439679715302491,10.163847960406722,0.7054634920634957,3.1966246031746044,4.812607936507936,0.014713830574045628,0.0948991696322657,0.17793594306049823,0.06761565836298933,1992,2024,0.042704626334519574,True,highest MAE
UKGBNIF11449,74,1.5621367964652964,1.9552190969774508,0.44078443982793525,-0.6995659484744489,7.591891891891891,8.291457840366341,1.2218662698412723,3.353533333333335,3.7136075396825388,0.00487987987987988,0.33633633633633636,0.13513513513513514,0.7837837837837838,2015,2024,0.16216216216216217,True,highest MAE
UKGBNIF10398,134,1.6666422749260366,2.137415415964964,0.349371942493785,-1.1860172932170792,9.085597014925371,10.271614308142452,1.2230284928306752,3.573794735449736,4.278804444444441,0.03356355264752211,0.11608623548922056,0.16417910447761194,0.1791044776119403,2004,2024,0.08955223880597014,True,highest MAE
UKGBNIF10050,82,1.7226248947078222,2.1047216038591956,-0.5551321122929003,-1.3737035441523253,8.889024390243904,10.262727934396226,1.4995824074074093,3.70028095238096,4.0655330423280365,0.006775067750677507,0.0027100271002710027,0.04878048780487805,0.0,1990,1999,0.1951219512195122,True,highest MAE
UKGBNIF10098,95,1.8657294736842107,2.2088872214114494,-0.4162659013637564,-1.6736742922963979,8.10736842105263,9.781042713349029,1.7670730158730201,3.323538306878309,3.700808174603174,0.0011695906432748538,0.0023391812865497076,0.031578947368421054,0.0,1990,1997,0.12631578947368421,True,highest MAE
UKGBNIF10575,232,2.2281735648584533,3.1289820621012105,0.12316560435421098,-1.4815569314471646,6.284827586206896,7.766384517654062,1.8717191798941748,4.278704603174606,4.885803412698408,0.12037957211870255,0.29310344827586204,0.2801724137931034,0.25,2000,2024,0.05172413793103448,True,highest MAE
UKGBNIF10543,86,2.9695065954674082,4.958295599055876,0.03592517927307182,0.39572073430875876,11.281395348837208,10.885674614528451,1.47436058201058,6.21941190476191,14.119784325396822,0.015503875968992248,0.0025839793281653744,0.2441860465116279,0.0,1990,1999,0.13953488372093023,True,highest MAE
UKGBNIF10521,202,3.1949304521880757,4.508877252044262,0.24234310314044827,1.1874325227284637,10.847524752475247,9.660092229746784,2.022033862433867,7.904133174603179,10.17481982804233,0.041872937293729366,0.00165016501650165,0.42574257425742573,0.0,1990,1999,0.1188118811881188,True,highest MAE
