sample_year,sample_count,mae,rmse,r2,bias,mean_actual,mean_predicted,median_absolute_error,p90_absolute_error,p95_absolute_error
1990,415,1.2946226528999782,1.8769904128105823,0.4428541374749356,-0.22256453123583247,9.961927710843375,10.184492242079203,0.938752380952387,2.9302687301587325,3.562656719576716
1991,529,1.6038789816040573,2.7642067017155534,0.23263331935244236,0.7665416016291349,11.186200378071833,10.419658776442699,0.9034986772486739,3.4361360846560838,6.86330634920635
1992,672,1.6142230438168534,2.9298962695301793,0.23519151127777294,0.5584526756808008,10.982738095238094,10.424285419557293,0.8601809523809516,3.1434999999999955,6.754159232804235
1993,924,1.2264166565617323,2.1964150341558946,0.3139819932919271,0.25505297061083854,10.805303030303032,10.55025005969219,0.7422312169312182,2.4758147089947036,3.3362325529100514
1994,949,1.098158346139662,1.5944199596136421,0.479184052457594,-0.40442743013846416,9.99146469968388,10.395892129822341,0.7098298941798884,2.6643415873015885,3.580034338624335
1995,969,1.263806155199568,1.7790455698281384,0.4065178889705052,-0.8024942458010127,9.466563467492259,10.269057713293272,0.7980134920634967,3.1611742857142873,3.8952846560846566
1996,965,1.1412274168447267,1.5881283021214225,0.4293494877413595,-0.3362882756658133,9.75658031088083,10.092868586546642,0.7801452380952423,2.8068987782587786,3.712355238095239
1997,820,0.91260733933501,1.284991436473459,0.5500051498990013,-0.22225574543839166,9.730975609756099,9.95323135519449,0.6308579365079359,1.9924763612313654,2.683892063492065
1998,865,0.9747719841614308,1.3802313919890297,0.28700115975326457,-0.23867925822896782,9.760578034682082,9.99925729291105,0.659324603174607,2.318133333333333,3.0359312698412695
1999,870,0.8892629524205043,1.247471661864193,0.5746220664881987,0.002826965179137647,10.128505747126436,10.125678781947299,0.632179365079371,2.025715634920636,2.655198888888889
2000,1138,0.9117615736578515,1.2491305624596818,0.5139117967259229,0.12256133153771141,10.382029876977153,10.259468545439441,0.6502523809523799,2.0096755002404962,2.502072395382394
2001,1108,0.9690178488055098,1.3375868217637374,0.5555799047115101,0.12228451942263165,10.359657039711191,10.23737252028856,0.7109826719576713,2.149779425204425,2.925088412698407
2002,1126,0.9558166867689474,1.2881878473571926,0.43605600340296613,0.2755408291040422,10.470959147424512,10.195418318320469,0.7544316137566138,2.0788232804232827,2.643049140211638
2003,1183,0.9226685443866113,1.3119331910899923,0.5297944817773109,-0.12282828972633453,10.012848689771767,10.135676979498102,0.6701079365079341,1.930753703703703,2.8570774338624343
2004,1341,0.7097093392918404,1.0038378265792722,0.670832666916976,-0.13996064388376558,10.029082774049217,10.169043417932983,0.5066013708513655,1.501350529100531,1.9762371813371793
2005,1387,0.6900367920691504,0.958351244032373,0.662216122571023,-0.13975287693661811,10.117519826964672,10.25727270390129,0.5147074074074105,1.507913015873014,1.9408132323232339
2006,1372,0.6299268663070814,0.895120512786067,0.6698385078097076,-0.19196678196938036,10.149489795918367,10.34145657788775,0.44821375661376006,1.3557475661375684,1.765926984126987
2007,1280,0.7419036060208599,1.0069737728555577,0.5533540682058198,0.1439280945705048,10.735078125,10.591150030429494,0.5669242063492055,1.6146253968253992,1.971562632275138
2008,1270,0.7955616927711407,1.0898693556857142,0.6719572960374145,-0.052699976183409956,10.471574803149606,10.524274779333014,0.5940136243386247,1.718507063492067,2.2630714153439184
2009,1386,0.7492496536687601,1.0191878979316202,0.5980688397837894,0.015803451519341212,10.492900432900433,10.477096981381091,0.5530398459907158,1.646522222222221,2.0754309523809495
2010,866,0.9038026514712812,1.216967015620433,0.5997555295399344,-0.033464429969218445,10.477598152424942,10.51106258239416,0.7161047619047602,1.8869138888888877,2.3943781746031743
2011,819,0.6768745701659621,0.888857284634088,0.5540747220178839,-0.052625639014808684,10.49316239316239,10.545788032177201,0.559864285714287,1.4421719480519475,1.7693112698412674
2012,828,0.5777597691300468,0.7732137671589526,0.6670397689297894,0.07712574381469313,10.675603864734299,10.598478120919605,0.44663822751322657,1.2184596825396812,1.5441388624338614
2013,874,0.6842505455507286,1.1973203890943371,0.5560879719368466,0.33489819105887775,10.701258581235697,10.366360390176823,0.5194402116402124,1.3670043650793682,1.717006838624337
2014,875,0.5381247607660065,0.8258114200698887,0.7141070385662527,-0.1056149682685567,10.343542857142856,10.449157825411413,0.384066666666671,1.1544642712842674,1.4094234920634825
2015,737,0.6363551439504549,0.9318864025667537,0.6197988091232743,0.23372319286721452,10.753867028493895,10.52014383562668,0.46925382395382265,1.3352730158730146,1.793784973544978
2016,711,0.5491101051774188,0.7780306463507748,0.7601747441161308,-0.027747643848571906,10.461603375527426,10.489351019375999,0.4071476190476204,1.0961969696969671,1.4826666666666632
2017,657,0.5666700003897115,0.7481935500934458,0.7244050068403194,-0.0174387579301581,10.54109589041096,10.558534648341118,0.4471095238095266,1.2137221693121676,1.4383902930402948
2018,655,0.5688152091092396,0.812027439304158,0.7022121410150797,-0.052457203082470115,10.587022900763358,10.639480103845829,0.4165531746031803,1.186126984126985,1.6003099999999972
2019,674,0.6006693190243099,0.8017913550328025,0.734781531324775,0.027707262591678057,10.555489614243323,10.527782351651647,0.45791335978836134,1.24559126984127,1.5295423148148133
2020,427,0.5189701979978559,0.6639809947952638,0.7427970985140835,0.03759460290338532,10.631381733021076,10.59378713011769,0.4213338624338583,1.0304966666666662,1.4040393121693042
2021,685,0.6102359274993727,0.8708277390068291,0.7214042061768975,0.030941920498533663,10.560437956204378,10.529496035705847,0.41953809523809316,1.2861592063492053,1.721507354497352
2022,685,0.6085452268202197,0.8600587766417531,0.7388933197636547,-0.22951586627646473,10.17970802919708,10.409223895473545,0.45826243386243704,1.238614285714285,1.7405758730158702
2023,584,0.5713138322756645,0.8322866852595571,0.7557037462324889,-0.1724549356547815,10.300513698630137,10.472968634284918,0.41395145502646,1.1826388095238105,1.5136746296296308
2024,695,0.5457419563490065,0.7690961419398186,0.7567675762738757,-0.03672004642306792,10.420863309352518,10.457583355775586,0.39939206349205847,1.1280795238095216,1.5066085714285704
