sample_year,sample_count,mae_mg_l,mean_residual_mg_l
1990,415,1.2946226528999785,-0.22256453123583247
1991,529,1.6038789816040573,0.7665416016291348
1992,672,1.6142230438168534,0.5584526756808009
1993,924,1.2264166565617323,0.2550529706108385
1994,949,1.098158346139662,-0.4044274301384642
1995,969,1.263806155199568,-0.8024942458010127
1996,965,1.1412274168447267,-0.33628827566581326
1997,820,0.91260733933501,-0.2222557454383917
1998,865,0.9747719841614308,-0.23867925822896782
1999,870,0.8892629524205043,0.002826965179137654
2000,1138,0.9117615736578515,0.12256133153771138
2001,1108,0.9690178488055098,0.12228451942263162
2002,1126,0.9558166867689474,0.2755408291040422
2003,1183,0.9226685443866111,-0.12282828972633464
2004,1341,0.7097093392918404,-0.13996064388376567
2005,1387,0.6900367920691504,-0.13975287693661814
2006,1372,0.6299268663070814,-0.1919667819693804
2007,1280,0.7419036060208599,0.14392809457050476
2008,1270,0.7955616927711409,-0.05269997618341003
2009,1386,0.7492496536687601,0.015803451519341236
2010,866,0.9038026514712812,-0.03346442996921838
2011,819,0.6768745701659621,-0.052625639014808684
2012,828,0.5777597691300468,0.07712574381469313
2013,874,0.6842505455507286,0.3348981910588778
2014,875,0.5381247607660065,-0.1056149682685567
2015,737,0.6363551439504549,0.23372319286721452
2016,711,0.5491101051774188,-0.027747643848571826
2017,657,0.5666700003897114,-0.017438757930158186
2018,655,0.5688152091092396,-0.05245720308247018
2019,674,0.60066931902431,0.027707262591678068
2020,427,0.518970197997856,0.037594602903385295
2021,685,0.6102359274993727,0.03094192049853366
2022,685,0.6085452268202197,-0.22951586627646464
2023,584,0.5713138322756645,-0.1724549356547815
2024,695,0.5457419563490066,-0.03672004642306796
