sample_month,sample_count,mae_mg_l,mean_residual_mg_l
1,2668,0.7503331669331187,-0.016227388799605655
2,2589,0.8158970218362815,-0.023568150142906124
3,2795,0.7521740162584385,0.011328406368957378
4,2526,0.8286585219306952,-0.048407628998812666
5,2659,0.8979853566144691,-0.05402748301230049
6,2685,0.9179827635704525,-0.07526145300557778
7,2548,0.9435510030506632,-0.09174977844895799
8,2824,0.8982525240791491,-0.014537641251924097
9,2696,0.8284750184608528,-0.014180162388920808
10,2869,0.7687471326758432,0.0038638533401415434
11,2919,0.7688592782937439,-0.033674727353965025
12,1563,0.8085837343215757,-0.0010856298639868509
