station_code,sample_count,mae_mg_l,rmse_mg_l,mean_residual_mg_l,mean_actual_do_mg_l,mean_predicted_do_mg_l
UKGBNIF10521,202,3.1949304521880757,4.508877252044262,1.1874325227284637,10.847524752475247,9.660092229746784
UKGBNIF10543,86,2.969506595467409,4.958295599055876,0.39572073430875865,11.28139534883721,10.885674614528451
UKGBNIF10575,232,2.228173564858453,3.1289820621012105,-1.4815569314471646,6.284827586206896,7.766384517654061
UKGBNIF10098,95,1.8657294736842107,2.2088872214114494,-1.6736742922963979,8.107368421052632,9.781042713349029
UKGBNIF10050,82,1.7226248947078222,2.1047216038591956,-1.3737035441523255,8.889024390243902,10.262727934396228
UKGBNIF10398,134,1.6666422749260366,2.137415415964964,-1.1860172932170787,9.085597014925373,10.271614308142452
UKGBNIF11449,74,1.5621367964652964,1.9552190969774508,-0.6995659484744485,7.591891891891891,8.29145784036634
UKGBNIF10546,281,1.4724710785324588,2.958263464964444,0.2758317548957684,10.439679715302491,10.163847960406722
UKGBNIF11021,2,1.4622825396825396,1.8719063687686488,-1.168658730158728,9.7,10.868658730158728
UKGBNIF10132,89,1.4129853820960563,1.8094283837388416,-0.9743663216725013,8.41123595505618,9.385602276728681
UKGBNIF10542,409,1.3889263805580991,2.7425097304117982,0.5812127339493425,11.286674816625917,10.705462082676576
UKGBNIF10494,172,1.361301927280615,1.8248931514066113,0.2650145623666886,8.93296511627907,8.66795055391238
UKGBNIF10519,301,1.352036325822809,2.1477083140396567,-0.14196004574950902,9.680099667774087,9.822059713523595
UKGBNIF10935,41,1.2907499782963192,1.7030390669681519,-0.7546253428594879,8.365853658536585,9.120479001396072
UKGBNIF10533,283,1.1946260118253766,1.6837372430412525,-0.7925861545150849,9.07148409893993,9.864070253455013
UKGBNIF10455,337,1.188836586531686,1.643547520334964,-0.8742031217219597,9.168931750741839,10.0431348724638
UKGBNIF10029,254,1.1537724969027037,1.7018017886041896,-0.3448985881364918,10.320866141732283,10.665764729868775
UKGBNIF10009,87,1.1308707134840472,1.4813212370027191,0.9027080241937717,10.210344827586207,9.307636803392436
UKGBNIF10101,248,1.1275814994303615,1.5404208694550352,-0.7937541336062213,8.823790322580646,9.617544456186867
UKGBNIF10975,108,1.1266994078795003,1.306877116634836,-1.0372917305773788,9.631481481481481,10.668773212058861
UKGBNIF10427,477,1.121064400701263,1.6280227996061987,-0.7380885187172332,10.024947589098531,10.763036107815765
UKGBNIF10121,168,1.111107055620716,1.4938470655919087,-0.6561991819898673,8.83,9.486199181989868
UKGBNIF10721,353,1.0934528140435786,1.4827055856183127,-0.38442846890597604,9.824362606232295,10.20879107513827
UKGBNIF10435,116,1.0875576848620396,1.352201304911737,-0.9285117103384787,10.113793103448277,11.042304813786755
UKGBNIF10292,448,1.0816372088398736,1.3950038214706548,-0.41136064887371504,8.428214285714287,8.839574934588
UKGBNIF10103,249,1.074346701424348,1.4775615584237483,-0.5556624158335245,9.567068273092369,10.122730688925895
UKGBNIF10133,283,1.057481029192964,1.505871551383815,-0.44472272890929254,9.32696113074205,9.771683859651342
UKGBNIF10675,305,1.0572936841058154,1.445478811674664,0.09204120766179803,9.766557377049182,9.674516169387381
UKGBNIF10342,406,1.0564004204050832,1.4737234407520552,-0.3489497362233644,8.861083743842364,9.210033480065729
UKGBNIF10986,1,1.0174571428571433,1.0174571428571433,-1.0174571428571433,10.0,11.017457142857143
UKGBNIF10700,475,1.013534828698008,1.3830043563464944,-0.6166499980759981,9.574315789473685,10.190965787549683
UKGBNIF10012,103,0.9912632701494836,1.2500538110436226,0.19422868341295538,10.053398058252426,9.859169374839473
UKGBNIF10114,247,0.9901300381000018,1.3685693763348297,-0.5169503864845609,9.637044534412954,10.153994920897517
UKGBNIF11420,5,0.9697503174603146,1.1183944764329432,0.779910317460315,12.0,11.220089682539685
UKGBNIF10092,127,0.9686186330717942,1.2858886701489713,-0.09179905835314231,9.838582677165354,9.930381735518496
UKGBNIF10007,86,0.9679920088539418,1.2038886954152186,0.8106849135375438,10.627906976744185,9.817222063206643
UKGBNIF10448,167,0.9626008334350277,1.3706354290944307,-0.26235420191516695,10.454431137724551,10.716785339639719
UKGBNIF10091,126,0.9559120160732854,1.3128652840084967,-0.08204362108790729,10.425396825396824,10.507440446484733
UKGBNIF10974,114,0.9379761061323341,1.204297475698195,-0.4639930785296571,10.078070175438597,10.542063253968255
UKGBNIF10405,48,0.9280569474616506,1.2378565841053832,0.665375366773821,11.220833333333333,10.555457966559512
UKGBNIF10086,405,0.9228846511796387,1.3435935986293872,-0.48700022918188335,9.772345679012346,10.259345908194229
UKGBNIF10115,371,0.9199361291068132,1.2733603001431968,-0.26778257742140166,9.5633153638814,9.831097941302804
UKGBNIF10973,119,0.913811352015554,1.1413655288497289,-0.6781848994143117,9.925210084033612,10.603394983447926
UKGBNIF10183,300,0.8901174906450819,1.2575922861105928,0.41541149648368786,10.9177,10.502288503516313
UKGBNIF11331,61,0.8740401091319128,1.1794711141433851,0.13447085846757872,9.018032786885247,8.883561928417667
UKGBNIF10568,104,0.868915465136715,1.1331565405547042,0.08675769559144546,10.585576923076925,10.498819227485477
UKGBNIF10044,345,0.8661347799725773,1.2580898332648722,-0.4085673657335687,10.223478260869564,10.632045626603134
UKGBNIF10554,139,0.8630731284170133,1.1948992731119694,-0.1786870333237238,10.662589928057553,10.841276961381277
UKGBNIF10430,324,0.8388477339322301,1.176144121516596,-0.47365730777174186,10.364938271604938,10.83859557937668
UKGBNIF10235,246,0.8302843309400627,1.1446689202829257,0.206060392562872,10.842276422764227,10.636216030201357
UKGBNIF10756,162,0.8214442245639617,1.1185032594606639,0.45353913968542003,11.010802469135802,10.557263329450382
UKGBNIF10248,488,0.8204380299772163,1.1568673902045021,-0.02039258585195576,10.316803278688525,10.337195864540481
UKGBNIF10763,325,0.8191737534317535,1.0541651745857834,0.34097522470122454,9.678461538461539,9.337486313760314
UKGBNIF10297,268,0.80968577488214,1.1062044645462565,0.35141364081940857,10.326753731343285,9.975340090523876
UKGBNIF10418,119,0.809636913090393,1.0587824109444015,0.29165466056470984,10.950420168067225,10.658765507502517
UKGBNIF10923,202,0.8070091505910664,1.0853161431513263,-0.5395712822141184,8.68118811881188,9.220759401026
UKGBNIF10090,207,0.8044107152434353,1.1174814494364687,0.011201937767959951,10.395169082125605,10.383967144357644
UKGBNIF10528,202,0.8036040879197809,1.1024873279936307,-0.17122197580380763,10.252970297029702,10.42419227283351
UKGBNIF10561,113,0.801141945104562,1.0310140640415755,-0.11406977734539069,10.683982300884955,10.798052078230347
UKGBNIF10246,144,0.800614120157144,1.0664082366180696,0.3262320328677871,11.403958333333334,11.077726300465546
UKGBNIF10080,214,0.7930832070145153,1.1892897882678424,0.3574223382017773,11.038317757009345,10.68089541880757
UKGBNIF10591,35,0.7907535033326452,0.9832051901556398,0.06802382093039344,10.028571428571428,9.960547607641036
UKGBNIF10362,343,0.7796781459488344,1.058984336011894,0.336194005221837,10.561370262390671,10.225176257168833
UKGBNIF10530,244,0.7770123647028612,1.0542750916419084,-0.05882422899976602,9.791762295081968,9.850586524081733
UKGBNIF11287,100,0.7749103752684977,1.0737018963011467,0.5684541903683478,10.9869,10.418445809631653
UKGBNIF10247,217,0.7727316972353899,1.0490347075783921,-0.24534144422163462,9.582488479262674,9.827829923484307
UKGBNIF10004,18,0.7704068395596171,1.1011863778267312,-0.2961886042969371,7.466666666666667,7.762855270963603
UKGBNIF10233,485,0.7643822677122715,1.0841106510990448,0.2491959342519177,11.290144329896908,11.04094839564499
UKGBNIF10040,119,0.7579951767884187,0.9912276596526995,0.22647586716557874,10.515966386554622,10.289490519389043
UKGBNIF10380,414,0.7493440789498611,0.9868631864687011,0.01116663852017998,10.40586956521739,10.394702926697212
UKGBNIF10687,75,0.747141379637647,1.0260608713082653,0.020014692961359836,10.402666666666667,10.382651973705308
UKGBNIF10641,256,0.7468511863801709,1.1686589468735362,0.20650479053932178,10.81328125,10.606776459460677
UKGBNIF10336,296,0.7436105427213735,1.0631100108708436,0.10516770074936935,9.537466216216217,9.432298515466847
UKGBNIF10750,310,0.7408678872035965,1.0400979127629284,-0.07427177969581172,10.22258064516129,10.296852424857102
UKGBNIF10441,204,0.7404168028626512,1.0557963438061067,0.4054781511730192,11.289313725490196,10.883835574317178
UKGBNIF10081,332,0.7278229722118578,1.1454742573738366,0.31646069417307343,11.040060240963856,10.723599546790782
UKGBNIF10754,161,0.7251354827469987,0.9260149835261643,0.29445322276175756,11.014844720496894,10.720391497735138
UKGBNIF11471,69,0.7250964969276567,0.8864440138856218,-0.13785448424361532,9.108695652173912,9.246550136417529
UKGBNIF10516,68,0.7249479098054679,1.0895199182702564,-0.27665757805660635,11.055882352941175,11.332539930997783
UKGBNIF10077,376,0.7245185761332059,1.107205507817211,0.04952987690690031,10.746702127659574,10.697172250752674
UKGBNIF10249,267,0.7210695508256134,0.9216872872887611,0.4103742557309177,11.260861423220975,10.850487167490057
UKGBNIF11259,56,0.7175119986213669,1.0310164301390474,0.5097499533409701,10.68857142857143,10.178821475230459
UKGBNIF10361,485,0.7154027209014556,1.122354034837881,0.13602420548788852,10.466371134020617,10.33034692853273
UKGBNIF11217,81,0.7136586793345712,0.9139559786111535,-0.19960105013249752,9.224567901234568,9.424168951367065
UKGBNIF10688,459,0.7103372206055676,0.943288085410041,0.05687539917516242,10.26115468409586,10.204279284920698
UKGBNIF10273,248,0.698451154636845,0.898896097104761,0.4053611350477129,10.532862903225807,10.127501768178094
UKGBNIF10042,164,0.6947694983516939,0.9123090050624895,-0.09514268932061633,10.473170731707317,10.568313421027934
UKGBNIF10551,115,0.694337844772827,0.9222184835561197,0.13883001039937629,10.88782608695652,10.748996076557146
UKGBNIF10261,179,0.6933758711327499,0.8994876846255419,0.31788142789752466,10.789664804469274,10.471783376571748
UKGBNIF10307,158,0.6907947184906043,0.9667724296985352,0.10889474120581784,10.310126582278482,10.201231841072662
UKGBNIF10924,236,0.6904000879377993,0.9467211960649228,-0.3922132017229468,10.508474576271187,10.900687777994133
UKGBNIF10595,88,0.6885413305129218,0.8777021357184621,-0.03620298165639079,10.85,10.88620298165639
UKGBNIF10041,117,0.687114701055513,0.938158851484341,0.08082575304878731,10.636068376068376,10.55524262301959
UKGBNIF10673,168,0.6792424192320026,0.9071361797514134,-0.11147246544240552,9.989285714285714,10.10075817972812
UKGBNIF11204,196,0.6752826808659971,0.8640197587695776,-0.16694838332302583,10.258673469387755,10.425621852710782
UKGBNIF10611,66,0.6744262472488233,0.9201413412237721,0.009895782573206474,10.404545454545456,10.394649671972248
UKGBNIF11318,14,0.6735559850202714,0.8954986644359547,0.12875350099635874,10.907142857142857,10.7783893561465
UKGBNIF10679,269,0.670181720630294,1.0468990856367977,0.3118836488163859,10.980371747211896,10.66848809839551
UKGBNIF10406,205,0.666756013924754,0.9073624599735969,0.14950880486801577,10.398048780487805,10.248539975619789
UKGBNIF10300,253,0.6636689913869191,0.8940116596787583,0.19806497322677472,9.923122529644269,9.725057556417493
UKGBNIF10933,245,0.6635824023569911,0.8982711028021827,-0.05404116558819144,10.678612244897959,10.73265341048615
UKGBNIF10420,81,0.66290740146913,0.8520907960578864,0.016206878900706424,10.392592592592592,10.376385713691885
UKGBNIF10978,158,0.6624065852923449,0.8952587615116153,0.11005299849002344,10.677215189873417,10.567162191383394
UKGBNIF10396,355,0.660629247166826,0.8920954657219582,-0.02340054098560307,10.806676056338027,10.83007659732363
UKGBNIF10698,78,0.6600690204240205,0.8596847576265413,-0.2363171907721904,10.462820512820514,10.699137703592704
UKGBNIF11483,70,0.6594018413729132,0.8607483735974137,0.37342519119769113,10.471428571428572,10.09800338023088
UKGBNIF10067,110,0.658950601504219,0.9229725030822005,0.19483128408762976,10.86,10.66516871591237
UKGBNIF10949,61,0.6574121409622922,0.8473579578676346,0.1821913562218346,10.688360655737705,10.50616929951587
UKGBNIF10163,173,0.6570931615625283,0.876652685464442,0.3740743109034467,10.856069364161849,10.481995053258403
UKGBNIF10914,112,0.6565732168661995,0.8650468550531626,-0.12955125447012977,10.714285714285714,10.843836968755843
UKGBNIF10439,82,0.6534990148596307,0.8334490031875352,0.0683962253905304,10.789024390243902,10.720628164853373
UKGBNIF11215,6,0.6527735890652574,0.8293434761118185,0.45348276014109246,11.933333333333332,11.47985057319224
UKGBNIF10734,383,0.6474283570833963,0.8652551040824903,0.03590862713149935,10.282767624020888,10.246858996889388
UKGBNIF10079,373,0.6472919502104487,0.9779929006094508,0.21504474853911862,11.10857908847185,10.893534339932732
UKGBNIF10438,323,0.6457393086314659,0.8995481566350687,0.09656845547462677,10.76421052631579,10.667642070841163
UKGBNIF10356,225,0.6413185302023079,0.8267022914245575,0.21742808351319468,9.841333333333335,9.623905249820139
UKGBNIF10416,277,0.640979134112311,0.9056933807248093,0.11072006322464867,11.215884476534297,11.105164413309648
UKGBNIF10646,256,0.6386755977760666,0.8450771599874831,0.27381351556718714,11.11875,10.844936484432813
UKGBNIF10552,115,0.6358948584394674,0.8178254910631567,0.057329924211054886,11.079478260869566,11.02214833665851
UKGBNIF11323,64,0.6302370742394175,0.943956868386899,-0.17504633875961967,10.7046875,10.87973383875962
UKGBNIF10208,173,0.6295945763720325,0.891117175622443,0.35917783199459463,11.476878612716764,11.117700780722167
UKGBNIF10144,64,0.6282457343509434,0.8690777708590183,0.17189550437258774,10.655,10.483104495627412
UKGBNIF10060,113,0.6275946648533371,0.8621186357805856,0.19147624849421302,10.967256637168141,10.775780388673928
UKGBNIF10141,118,0.6207855155330366,0.8431304866740177,0.19241872274641308,10.692966101694916,10.500547378948502
UKGBNIF11484,11,0.6149080493580488,0.7631010058083787,-0.3789853609353601,10.036363636363637,10.415348997298997
UKGBNIF10867,55,0.6077731740784473,0.8723759252004082,0.18236470077397351,10.690909090909091,10.508544390135118
UKGBNIF11515,12,0.6048978835978825,0.7663526353692752,0.4100031305114629,11.291666666666666,10.881663536155203
UKGBNIF10915,111,0.6029636462421758,0.8576828873463013,0.2230355655237033,11.154234234234233,10.93119866871053
UKGBNIF10250,281,0.5999110314900977,0.8007164245968298,0.20428254171178611,11.02491103202847,10.820628490316684
UKGBNIF10228,69,0.5963566731396321,0.8284357556975026,0.11585063723115718,10.91072463768116,10.794874000450003
UKGBNIF11295,28,0.59596773173916,0.8723769529229803,0.25346434583934574,9.971428571428572,9.717964225589226
UKGBNIF10241,241,0.588582625135737,0.8116441220424018,0.26595195307228525,11.368464730290457,11.102512777218172
UKGBNIF10352,227,0.5852032221956831,0.8066027498047144,0.2756963095195196,10.926431718061675,10.650735408542156
UKGBNIF10358,193,0.5821183664347176,0.7986564811136843,0.3128163035657121,11.02020725388601,10.707390950320299
UKGBNIF10738,250,0.5802331530039163,0.8035503582937693,0.04891135711684007,10.56564,10.516728642883159
UKGBNIF10313,114,0.5801316752318504,0.7716540930894347,0.19703047273064814,10.621929824561404,10.424899351830755
UKGBNIF10664,309,0.5801309545219254,0.8409490913182454,-0.08165972728577851,10.845954692556635,10.927614419842412
UKGBNIF10657,416,0.5766902203543427,0.7381191610482437,0.21549977263077025,10.889567307692309,10.674067535061537
UKGBNIF10378,178,0.576541743348204,0.7716055466862877,0.3907816690903769,11.205056179775282,10.814274510684903
UKGBNIF10665,433,0.5761301889368863,0.7639124742869474,-0.07430741417508147,10.703002309468822,10.777309723643905
UKGBNIF10347,291,0.5728709241490336,0.7957232094612309,0.002826415009198476,9.985910652920962,9.983084237911765
UKGBNIF10663,469,0.5693650280446872,0.7543871892346821,0.09535412410222645,10.881663113006397,10.786308988904171
UKGBNIF10588,34,0.5676702925614686,0.8151862087689464,-0.020198895113601595,10.314705882352941,10.334904777466543
UKGBNIF10899,162,0.5623176036366467,0.7835269937607455,0.1640335669143389,10.827592592592593,10.663559025678254
UKGBNIF10615,160,0.5622747700006447,0.7441815168309392,0.1286463479828479,10.83375,10.705103652017153
UKGBNIF10166,42,0.5485897655695278,0.6937755616403645,0.26234574944455946,11.142857142857142,10.880511393412585
UKGBNIF10254,79,0.5435849995433532,0.7402180642437762,0.04699714571879061,10.643037974683544,10.596040828964753
UKGBNIF10639,371,0.5415900760395639,0.8651069685482465,0.06294141458222292,11.000539083557952,10.937597668975728
UKGBNIF10931,231,0.5382192605134166,0.7847030537271342,-0.2558103528426044,10.644155844155845,10.899966196998449
UKGBNIF10353,179,0.5350914110398676,0.7506691910464608,0.1930529957844274,10.301396648044692,10.108343652260265
UKGBNIF11514,21,0.5209696032626996,0.626046036189466,0.1232738108716693,9.523809523809524,9.400535712937856
UKGBNIF10557,255,0.5188021226718089,0.7466201989014605,0.020498931077637502,11.077254901960783,11.056755970883145
UKGBNIF11253,73,0.5166552023825995,0.8259897232747326,0.3459600578518388,10.704109589041096,10.358149531189257
UKGBNIF10961,6,0.5157085097001769,0.6920437522249064,-0.40701168430335216,9.799999999999999,10.207011684303351
UKGBNIF11324,95,0.5127887722842457,0.6509795468764674,0.09180119171666588,10.64842105263158,10.556619860914912
UKGBNIF10318,32,0.5078118461399711,0.6405429279883519,0.31518319354256796,10.984375,10.669191806457432
UKGBNIF10200,79,0.5028267128351982,0.6792392852672637,-0.10652100641338397,10.61367088607595,10.720191892489334
UKGBNIF11328,95,0.5002823465228728,0.7171854735243267,-0.01761627224627249,11.032631578947367,11.05024785119364
UKGBNIF11314,116,0.48167840967142656,0.6623455421121555,0.04814932946045019,10.941379310344828,10.893229980884376
UKGBNIF10375,143,0.481320824182293,0.6210556084854204,0.28438940222429715,11.279020979020979,10.994631576796682
UKGBNIF11211,84,0.47348030331661245,0.598918264987243,0.07371730485123285,11.163095238095238,11.089377933244005
UKGBNIF10938,107,0.4727240411232933,0.6425793426422199,0.14756227544694836,10.966355140186916,10.818792864739969
UKGBNIF11332,28,0.4610535353535355,0.649663271402963,0.2069342180306472,11.132142857142856,10.92520863911221
UKGBNIF11289,170,0.45560897514903426,0.640666154741118,0.033977148139442255,10.972941176470588,10.938964028331146
UKGBNIF10757,288,0.4541502814815346,0.596229554289722,0.1620954152597934,10.946666666666665,10.784571251406874
UKGBNIF11316,63,0.4383692006993593,0.5951800387824366,0.09495119906548435,10.487301587301587,10.392350388236103
UKGBNIF10571,37,0.4282543849043849,0.5886967335080062,0.04129607724607714,10.75945945945946,10.718163382213383
UKGBNIF11330,63,0.4183622853630793,0.5100078136920749,0.12404977858707912,10.817460317460318,10.693410538873238
