sample_year,rows,mae_mg_l,mean_residual_mg_l,maximum_absolute_error_mg_l
1990,415,1.7985751807228918,-0.03841277108433748,14.377000000000002
1991,529,1.9082460351116186,0.7548251151368237,20.336999999999996
1992,672,1.8962601934523808,0.9361855406746031,16.119
1993,924,1.5485705498866211,0.5183180864770153,20.341
1994,949,1.4725738749588526,-0.27914512749987597,8.947000000000001
1995,969,1.5863448300135157,-0.7353048575332954,10.237999999999998
1996,965,1.3934233197631383,-0.4133815926474217,8.709999999999997
1997,820,1.2466942944250872,-0.34560172183507537,7.497400000000004
1998,865,1.1825999614643545,-0.31337522157996167,7.310000000000011
1999,870,1.1871347126436778,0.08137693486590043,7.569000000000001
2000,1138,1.195290279870003,0.08011392620023974,6.968999999999994
2001,1108,1.369060599320956,0.2057433395650679,7.653000000000006
2002,1126,1.2134615551608445,0.13637798359130487,6.8189999999999955
2003,1183,1.276979712096433,-0.28073042054549335,6.623900000000004
2004,1341,1.134264111714783,-0.26131672348283064,6.893000000000004
2005,1387,1.1001440674993983,-0.22175410944982377,7.992999999999995
2006,1372,1.0216529861913743,-0.37670854609315335,4.9639999999999995
2007,1280,0.9770690976914074,0.1821537706121646,5.724
2008,1270,1.2451981810428778,0.02862218839957873,6.6999999999999975
2009,1386,1.1188144956082273,0.039356390382420024,6.75358075928699
2010,866,1.2734097024695432,-0.13484440233635098,8.133
2011,819,0.9147077471470328,-0.1055867474236519,4.958
2012,828,0.945810064542945,0.08335918941833825,4.1650000000000045
2013,874,1.121035785674006,0.37595965121557323,23.485999999999997
2014,875,0.9409090929039375,0.04651631800895905,11.902
2015,737,0.9067413393618855,0.20509521190514576,8.40400000000001
2016,711,0.9642478607245447,0.13141970959304278,7.032000000000001
2017,657,0.9036158298520927,0.12485764514824636,4.792999999999992
2018,655,0.9951271753983295,0.026365493447768815,8.419999999999984
2019,674,0.9313575811884938,0.13091597288615162,6.336000000000002
2020,427,0.8904347941870782,0.18015853869653675,4.878000000000001
2021,685,1.0337986388760885,0.14329870425378977,5.052999999999997
2022,685,0.9836894861588626,-0.29511812677016364,6.790000000000002
2023,584,0.9654922760205049,-0.12087140258140694,5.965999999999999
2024,695,0.9050176386063729,0.06802988561056779,5.711999999999997
