station_code,rows,mae_mg_l,mean_residual_mg_l,maximum_absolute_error_mg_l
UKGBNIF10521,202,3.468170297029703,1.0658831683168315,15.609
UKGBNIF10543,86,3.097666279069767,0.9528500000000001,20.336999999999996
UKGBNIF10575,232,2.8030372622927042,-2.2043553657409802,23.485999999999997
UKGBNIF10098,95,2.146619298245614,-1.7587456140350872,5.513000000000004
UKGBNIF10935,41,2.064512195121951,-0.9880731707317069,7.112999999999998
UKGBNIF10542,409,1.8880957494341661,1.1947272334509196,16.027
UKGBNIF10546,281,1.8434728167920786,0.6955556529588117,20.341
UKGBNIF11420,5,1.825200000000001,1.825200000000001,2.663999999999998
UKGBNIF11217,81,1.7261131051675793,-1.4789402656614068,5.855000000000002
UKGBNIF10132,89,1.6641217228464418,-0.8902340823970033,6.512999999999998
UKGBNIF10519,301,1.6625168156763253,-0.1881487093640328,13.209999999999997
UKGBNIF11449,74,1.6006261261261265,-0.8164369369369363,6.790000000000002
UKGBNIF10342,406,1.5485913319194258,-1.1068474895548936,7.974000000000004
UKGBNIF10455,337,1.54284464347747,-1.0868237577759092,5.825000000000001
UKGBNIF10101,248,1.5307090917818744,-1.0805012960829496,5.9149999999999965
UKGBNIF10050,82,1.528242073170731,-0.9381579268292678,4.0450000000000035
UKGBNIF10675,305,1.5117394301327085,-0.27369964871194374,6.497000000000003
UKGBNIF10494,172,1.5069744855731046,0.48185632838038434,6.591999999999999
UKGBNIF10533,283,1.4862733959094825,-0.5804189116422777,8.40400000000001
UKGBNIF10427,477,1.4779508717624485,-0.6087239011236453,6.194999999999999
UKGBNIF10103,249,1.4748567603748326,-0.8528455153949128,8.892000000000015
UKGBNIF10121,168,1.4489418497576605,-1.0479200243608346,7.992999999999995
UKGBNIF10092,127,1.4376541432320962,-0.3542630671166108,4.380000000000006
UKGBNIF10923,202,1.4199407246711393,-1.1812954846640797,6.336000000000002
UKGBNIF10721,353,1.4152347598812898,-0.19164124848239608,7.515999999999991
UKGBNIF10398,134,1.4076588116364708,-0.572387628939261,6.586000000000004
UKGBNIF10591,35,1.4067119047619054,-0.0448309523809537,3.966000000000003
UKGBNIF10975,108,1.378644720127197,-1.206341633707443,5.786166666666665
UKGBNIF10114,247,1.377160313465399,-0.8524396656921196,4.647999999999993
UKGBNIF10292,448,1.3732972784805515,-0.6427874570519796,7.251000000000001
UKGBNIF11259,56,1.3591879251700687,1.0328330000934929,3.455
UKGBNIF11021,2,1.328083333333332,-1.328083333333332,2.171999999999999
UKGBNIF10029,254,1.3195761811023623,-0.07983313648293963,11.338000000000001
UKGBNIF10435,116,1.310626436781609,-0.7440402298850574,5.363666666666662
UKGBNIF11483,70,1.3038264285714292,0.48142452380952566,7.032000000000001
UKGBNIF10248,488,1.2967620218579237,0.5065187369457349,6.227000000000007
UKGBNIF10561,113,1.2967301095659505,0.3469132988242506,3.976000000000006
UKGBNIF10246,144,1.2914105476008682,0.6308775172503047,4.721999999999993
UKGBNIF10687,75,1.2901328888888892,0.30979555555555566,4.010999999999996
UKGBNIF10080,214,1.2899429349986,0.6261133443659719,5.194999999999997
UKGBNIF10133,283,1.2865906858396479,-0.4225712512106725,5.794999999999995
UKGBNIF11331,61,1.2397704918032784,-0.4848196721311473,7.219999999999999
UKGBNIF10004,18,1.2393500000000002,0.812427777777777,4.937000000000001
UKGBNIF10441,204,1.223210669493452,0.6495645910620789,6.106000000000002
UKGBNIF10009,87,1.219977011494252,0.4276091954022982,6.400999999999998
UKGBNIF10091,126,1.2185191492590308,-0.16983905981584496,5.446000000000003
UKGBNIF10044,345,1.2182318426501038,-0.4037982194616972,7.344000000000001
UKGBNIF10249,267,1.2093374004021713,0.88644241344122,4.177999999999997
UKGBNIF10115,371,1.2079576937350855,-0.3812437032332247,7.782000000000007
UKGBNIF10430,324,1.2027504550183756,-0.39054829452454826,7.569000000000001
UKGBNIF10750,310,1.1996216052227344,0.0807296850998461,6.301000000000007
UKGBNIF10090,207,1.1986012537382102,0.03266808143547285,6.623900000000004
UKGBNIF10931,231,1.1974376520305092,-0.6109145640074208,4.765000000000001
UKGBNIF10040,119,1.1972240896358548,0.3718949579831928,3.844999999999997
UKGBNIF10448,167,1.1906393392106336,-0.08736106487075725,5.228999999999995
UKGBNIF10418,119,1.189908731870759,0.22173258465585124,3.614999999999988
UKGBNIF10528,202,1.1821351485148512,0.5571351485148511,5.373000000000005
UKGBNIF10973,119,1.1736859642744981,-0.7469622289729615,4.767000000000005
UKGBNIF10086,405,1.1674122452610258,-0.2991195938794854,5.999999999999996
UKGBNIF10273,248,1.1670378256422864,0.9293879808093268,4.328000000000001
UKGBNIF10698,78,1.1613379120879121,-0.38982448107448064,3.822999999999997
UKGBNIF10700,475,1.1598686666666673,-0.506402350877193,4.6850000000000005
UKGBNIF10914,112,1.1587519115412532,-0.08543673296982443,5.334999999999999
UKGBNIF10734,383,1.1551565895810019,-0.20907990177794297,4.659666666666662
UKGBNIF10208,173,1.1545526378566842,0.4247151481787324,5.193000000000003
UKGBNIF10688,459,1.1544717138707332,0.1956144784842774,5.60900000000001
UKGBNIF10405,48,1.148996180555555,0.440258680555554,3.7155833333333295
UKGBNIF10041,117,1.146971632071632,0.14141510301585064,4.506999999999996
UKGBNIF10516,68,1.1465800245098041,-0.026895465686274846,5.043000000000005
UKGBNIF10067,110,1.1450460606060606,0.4686221212121219,4.621000000000009
UKGBNIF10754,161,1.1418027444705625,0.17345993169327756,4.000200000000012
UKGBNIF10933,245,1.1338971345552478,0.5099236231948644,5.992000000000005
UKGBNIF10247,217,1.1286517309271626,-0.27693283691794596,4.805000000000007
UKGBNIF10679,269,1.1263440561546738,0.5334826211333419,10.237999999999998
UKGBNIF10183,300,1.123657900114546,0.15182790011454675,6.868999999999998
UKGBNIF10318,32,1.1085312499999993,0.9499062499999995,2.7760000000000016
UKGBNIF10380,414,1.1081736767822665,-0.011817316073731684,6.589000000000002
UKGBNIF10042,164,1.1035348141695702,-0.19221164343786215,4.146999999999995
UKGBNIF10250,281,1.0969870675796662,-0.14084282168995244,4.4706642857142835
UKGBNIF10079,373,1.0905410155751312,0.1028176145793438,7.709500000000007
UKGBNIF10663,469,1.0853801075121419,0.46403338979372033,6.277000000000004
UKGBNIF10530,244,1.0783622739832268,0.10186176973262052,7.497400000000004
UKGBNIF10375,143,1.0735932733932734,0.38594019314019284,3.5119999999999987
UKGBNIF10378,178,1.0727792527552058,0.633227360488232,4.257999999999994
UKGBNIF10060,113,1.0692596923725248,-0.09358358617783458,3.7437999999999967
UKGBNIF10554,139,1.0668045563549164,-0.2816414868105518,6.261000000000013
UKGBNIF10313,114,1.0644662071846285,0.30552673350041765,4.280000000000001
UKGBNIF10235,246,1.0614808943089429,0.11620203252032497,5.622000000000003
UKGBNIF10297,268,1.0569558983555487,0.7168075344802723,4.594000000000001
UKGBNIF10756,162,1.056540873655462,0.425855804637667,3.9520000000000017
UKGBNIF10007,86,1.0563143410852718,0.25672829457364377,3.8969999999999994
UKGBNIF10077,376,1.0551237559358837,0.11690312269056294,8.947000000000001
UKGBNIF10899,162,1.0535216391048692,0.4802419467122136,4.32236666666666
UKGBNIF10336,296,1.0514687413038972,-0.5655824800426356,8.133
UKGBNIF10233,485,1.049278390187037,0.36205199843446,6.597000000000004
UKGBNIF10664,309,1.0492304053012793,0.13387780859916798,6.075200000000002
UKGBNIF10416,277,1.04286606498195,0.1852704830668729,5.530999999999997
UKGBNIF11318,14,1.0389816326530612,0.4661602040816346,2.3496333333333297
UKGBNIF10641,256,1.034855208333333,0.12581223958333365,11.960999999999993
UKGBNIF10141,118,1.0332829112409094,0.1850660427986176,3.6099999999999994
UKGBNIF10081,332,1.0329630893704684,0.19667302912950557,8.425000000000006
UKGBNIF10665,433,1.030917324395745,0.2257828089742441,5.350999999999999
UKGBNIF10012,103,1.0278737864077667,-0.7192330097087368,3.6109999999999953
UKGBNIF10974,114,1.0262130998489263,-0.1377580183725474,3.8519999999999985
UKGBNIF10307,158,1.0259007383966248,-0.25868217299577945,4.044000000000002
UKGBNIF10595,88,1.0258624999999997,0.02411250000000097,3.4109999999999943
UKGBNIF10300,253,1.0257304904846654,0.2553592328354927,5.067999999999999
UKGBNIF10261,179,1.0218123692325154,0.4122863272293097,5.030000000000001
UKGBNIF10738,250,1.0209503990205548,0.37365878136776737,5.5039999999999925
UKGBNIF10961,6,1.0168333333333341,-0.9751666666666674,1.6150000000000002
UKGBNIF11328,95,1.0161946282372603,-0.1484914703425226,4.287
UKGBNIF11323,64,1.0154036458333335,0.1802161458333329,4.958
UKGBNIF10439,82,1.0077610383913738,0.11303177009869111,5.470000000000001
UKGBNIF10362,343,1.0056643753915073,0.3036808141128657,7.072999999999999
UKGBNIF10639,371,1.0053754941599278,-0.24842266397124854,10.411000000000001
UKGBNIF10166,42,1.0020107142857155,0.27223769841269946,2.8594333333333317
UKGBNIF10915,111,1.0019387619283449,0.3720270502166343,3.156000000000004
UKGBNIF10673,168,0.9926537554542021,0.007835530260083852,4.868000000000005
UKGBNIF10254,79,0.9883787245659869,-0.24647781551840076,3.2149999999999954
UKGBNIF10657,416,0.9834363184380668,0.4206142121389177,4.352000000000006
UKGBNIF10949,61,0.9832926066002916,0.26156473774783356,2.7439416666666716
UKGBNIF10396,355,0.9807361647364111,0.2685226436096504,4.110000000000005
UKGBNIF10406,205,0.9726199312555106,0.0633776548327463,3.629999999999999
UKGBNIF10611,66,0.9697348484848489,-0.1501590909090899,3.6459999999999964
UKGBNIF10924,236,0.9562236312886742,-0.11874750134517059,3.7439999999999936
UKGBNIF10358,193,0.9525948319898774,0.5056222931297735,6.342999999999995
UKGBNIF10867,55,0.9448818181818176,-0.23421999999999996,5.485000000000004
UKGBNIF10352,227,0.9445513320746801,0.0013586742185864708,3.908000000000005
UKGBNIF10552,115,0.9430424637681154,0.15038449275362298,4.358333333333325
UKGBNIF10163,173,0.9357370079823841,0.13531716212496542,3.4779999999999998
UKGBNIF10571,37,0.9104594594594594,0.22743243243243333,2.5
UKGBNIF11289,170,0.9100206862745097,0.08872012605042053,5.573833333333329
UKGBNIF10646,256,0.9086412109374993,0.14369141555059556,4.0480000000000045
UKGBNIF11314,116,0.9068063868363423,-0.143160444033935,3.7952500000000056
UKGBNIF10361,485,0.9026145307751621,0.16475454138978698,13.930000000000007
UKGBNIF10588,34,0.9018455882352944,-0.27956127450980495,3.839999999999999
UKGBNIF10420,81,0.901223456790123,-0.05514691358024646,3.303999999999995
UKGBNIF10144,64,0.8994232173028079,0.12977738396947464,4.654000000000003
UKGBNIF10615,160,0.8953884375000001,0.08249906250000065,3.9260000000000037
UKGBNIF10568,104,0.8860374999999995,0.14342403846153856,4.709999999999999
UKGBNIF10241,241,0.883957814661134,0.11103388658367891,3.4149999999999974
UKGBNIF10200,79,0.8826982470705571,-0.36292609517182195,4.084999999999994
UKGBNIF11287,100,0.8800328333333337,0.47507121814759323,3.023999999999999
UKGBNIF10438,323,0.8782548067307937,0.22274293882573684,6.382999999999998
UKGBNIF10347,291,0.8769195985381554,-0.09456253204603701,5.952
UKGBNIF11295,28,0.8707857142857142,0.27721428571428597,3.1279999999999974
UKGBNIF10228,69,0.8647258081056093,-0.2569721849172023,3.645000000000003
UKGBNIF11211,84,0.8554583333333332,0.3426250000000004,4.574000000000003
UKGBNIF10978,158,0.8521156118143455,0.03689873417721596,4.001999999999997
UKGBNIF10557,255,0.8447670588235294,-0.012691764705882163,8.419999999999984
UKGBNIF10757,288,0.8336700678765867,0.29491132945066106,3.2419999999999884
UKGBNIF11204,196,0.8245051020408161,-0.05398469387755066,4.665999999999995
UKGBNIF10763,325,0.823110769230769,-0.0029046153846152807,4.526999999999999
UKGBNIF10551,115,0.8225648240165632,0.11408155279503171,3.5320000000000107
UKGBNIF11316,63,0.8211362811791392,0.33738972033257786,3.593999999999996
UKGBNIF10938,107,0.8197784119566836,-0.07324895786975176,2.570333333333336
UKGBNIF10353,179,0.8028197249122181,-0.09290464111333512,7.310000000000002
UKGBNIF10356,225,0.8002515555555556,-0.24294399999999947,4.029999999999995
UKGBNIF11215,6,0.7858333333333295,0.7291666666666629,2.1799999999999944
UKGBNIF11332,28,0.7794663675847543,0.24624270271003143,2.477249999999991
UKGBNIF11515,12,0.7785943268180221,0.5317236918973851,2.1746
UKGBNIF11330,63,0.7502402116402117,0.25139365079365045,2.024999999999997
UKGBNIF11514,21,0.7348519173173348,-0.1498545977357642,1.7750000000000004
UKGBNIF11471,69,0.7245507246376812,-0.27495652173913,2.6800000000000033
UKGBNIF11253,73,0.7129191780821912,0.3167136986301365,3.001999999999999
UKGBNIF11324,95,0.7084000000000008,0.34296842105263176,2.251000000000003
UKGBNIF11484,11,0.6690909090909106,-0.3345454545454565,1.2319999999999975
UKGBNIF10986,1,0.10800000000000054,0.10800000000000054,0.10800000000000054
