scope,percentile,absolute_error_mg_l
all_group_cv_validation_rows,0.5,0.5922186507936482
all_group_cv_validation_rows,0.75,1.1173809523809495
all_group_cv_validation_rows,0.9,1.9083904761904753
all_group_cv_validation_rows,0.95,2.6224692857142875
fold_1,0.5,0.6193833333333325
fold_1,0.75,1.1762904761904762
fold_1,0.9,2.0042300721500785
fold_1,0.95,2.7191817063492016
fold_2,0.5,0.5776259259259264
fold_2,0.75,1.0812173280423338
fold_2,0.9,1.8025120634920608
fold_2,0.95,2.4431512301587297
fold_3,0.5,0.5692857142857113
fold_3,0.75,1.0664785052910104
fold_3,0.9,1.8055499062049112
fold_3,0.95,2.4846636111111087
fold_4,0.5,0.5938948412698402
fold_4,0.75,1.1263857142857163
fold_4,0.9,1.9549691269841194
fold_4,0.95,2.7184955952380876
fold_5,0.5,0.6030469696969671
fold_5,0.75,1.137234379509381
fold_5,0.9,1.9530444444444393
fold_5,0.95,2.7024399278499285
