record_type,model,feature_set,fold,mae,rmse,r2,train_rows,validation_rows,train_stations,validation_stations
fold,Dummy Mean,A_core_chemistry,1,1.467281409086292,1.9691623749078682,-0.016456114182952897,95752,23938,538,134
fold,Dummy Mean,A_core_chemistry,2,1.3496114267703891,1.851432262481839,-0.006371401576908964,95752,23938,538,134
fold,Dummy Mean,A_core_chemistry,3,1.3860403283998184,1.958527439117575,-0.005781365992234999,95752,23938,537,135
fold,Dummy Mean,A_core_chemistry,4,1.457531665005793,2.062745525335125,-0.00014694476358512176,95752,23938,538,134
fold,Dummy Mean,A_core_chemistry,5,1.4918149267978678,2.1277522685557955,-0.001091328458946883,95752,23938,537,135
mean,Dummy Mean,A_core_chemistry,,1.430455951212032,1.9939239740796406,-0.005969430994925773,,,,
std,Dummy Mean,A_core_chemistry,,0.0599222771430333,0.10584937136627572,0.006478130581922204,,,,
min,Dummy Mean,A_core_chemistry,,1.3496114267703891,1.851432262481839,-0.016456114182952897,,,,
max,Dummy Mean,A_core_chemistry,,1.4918149267978678,2.1277522685557955,-0.00014694476358512176,,,,
fold,Linear Regression,A_core_chemistry,1,1.3668859974008138,1.8316591280641472,0.12054244576428441,95752,23938,538,134
fold,Linear Regression,A_core_chemistry,2,1.2668088836871978,1.7420044777334012,0.10907495819428203,95752,23938,538,134
fold,Linear Regression,A_core_chemistry,3,1.2902907152230807,1.9385380983606473,0.014644498445718024,95752,23938,537,135
fold,Linear Regression,A_core_chemistry,4,1.3213527245350374,1.918851020665724,0.13452401796165647,95752,23938,538,134
fold,Linear Regression,A_core_chemistry,5,1.381415810742826,1.9825332993291807,0.130894383968013,95752,23938,537,135
mean,Linear Regression,A_core_chemistry,,1.325350826317791,1.8827172048306202,0.10193606086679079,,,,
std,Linear Regression,A_core_chemistry,,0.04883853030722196,0.0959060429436916,0.04979341750766302,,,,
min,Linear Regression,A_core_chemistry,,1.2668088836871978,1.7420044777334012,0.014644498445718024,,,,
max,Linear Regression,A_core_chemistry,,1.381415810742826,1.9825332993291807,0.13452401796165647,,,,
fold,Random Forest,A_core_chemistry,1,1.2425691711670344,1.675076027471141,0.26447977174610493,95752,23938,538,134
fold,Random Forest,A_core_chemistry,2,1.1722504741087314,1.6186291586654804,0.23080340784724374,95752,23938,538,134
fold,Random Forest,A_core_chemistry,3,1.1899456853175887,1.7361917361092716,0.2096132814558055,95752,23938,537,135
fold,Random Forest,A_core_chemistry,4,1.2364016384656542,1.8104913528934812,0.2295128233382091,95752,23938,538,134
fold,Random Forest,A_core_chemistry,5,1.25466638718703,1.8220079281633887,0.2659390864674126,95752,23938,537,135
mean,Random Forest,A_core_chemistry,,1.2191666712492077,1.7324792406605525,0.24006967417095515,,,,
std,Random Forest,A_core_chemistry,,0.035916383803084394,0.0871378623478824,0.02444372109816066,,,,
min,Random Forest,A_core_chemistry,,1.1722504741087314,1.6186291586654804,0.2096132814558055,,,,
max,Random Forest,A_core_chemistry,,1.25466638718703,1.8220079281633887,0.2659390864674126,,,,
fold,HistGradientBoosting,A_core_chemistry,1,1.2098502620430291,1.620819770596208,0.3113555915175641,95752,23938,538,134
fold,HistGradientBoosting,A_core_chemistry,2,1.1286454334379767,1.5639470028040623,0.281897073999267,95752,23938,538,134
fold,HistGradientBoosting,A_core_chemistry,3,1.1617828120758162,1.7274029601410155,0.21759506092704017,95752,23938,537,135
fold,HistGradientBoosting,A_core_chemistry,4,1.1920882187094939,1.7629713111175458,0.2694280470702799,95752,23938,538,134
fold,HistGradientBoosting,A_core_chemistry,5,1.2270456924331,1.8037331049429453,0.280590567971698,95752,23938,537,135
mean,HistGradientBoosting,A_core_chemistry,,1.1838824837398831,1.6957748299203552,0.27217326829716987,,,,
std,HistGradientBoosting,A_core_chemistry,,0.03919263130615855,0.10020919590147685,0.03423074182446182,,,,
min,HistGradientBoosting,A_core_chemistry,,1.1286454334379767,1.5639470028040623,0.21759506092704017,,,,
max,HistGradientBoosting,A_core_chemistry,,1.2270456924331,1.8037331049429453,0.3113555915175641,,,,
