source_object_id,station_code,sample_date,sample_year,actual_do_mg_l,predicted_do_mg_l,residual_mg_l,absolute_error_mg_l,error_direction
111161,UKGBNIF10575,2013-07-22,2013,32.5,9.014000000000005,23.485999999999997,23.485999999999997,under_prediction
106503,UKGBNIF10546,1993-01-07,1993,32.3,11.958999999999996,20.341,20.341,under_prediction
109174,UKGBNIF10543,1991-08-05,1991,28.7,8.363000000000001,20.336999999999996,20.336999999999996,under_prediction
109182,UKGBNIF10543,1993-08-01,1993,27.1,8.594999999999997,18.505000000000003,18.505000000000003,under_prediction
109178,UKGBNIF10543,1992-08-04,1992,26.8,10.681,16.119,16.119,under_prediction
106504,UKGBNIF10546,1993-02-05,1993,27.4,11.352000000000006,16.047999999999995,16.047999999999995,under_prediction
105605,UKGBNIF10542,1992-09-04,1992,25.2,9.172999999999996,16.027,16.027,under_prediction
106501,UKGBNIF10546,1992-10-23,1992,28.8,13.076000000000006,15.723999999999995,15.723999999999995,under_prediction
104387,UKGBNIF10521,1992-09-04,1992,31.3,15.691,15.609,15.609,under_prediction
105602,UKGBNIF10542,1992-06-08,1992,26.0,10.526999999999997,15.473000000000003,15.473000000000003,under_prediction
106499,UKGBNIF10546,1992-09-02,1992,27.9,12.453000000000001,15.446999999999997,15.446999999999997,under_prediction
106502,UKGBNIF10546,1992-11-23,1992,26.4,11.125999999999994,15.274000000000004,15.274000000000004,under_prediction
109180,UKGBNIF10543,1993-02-05,1993,28.8,13.817000000000002,14.982999999999999,14.982999999999999,under_prediction
106498,UKGBNIF10546,1992-08-04,1992,26.3,11.383999999999991,14.91600000000001,14.91600000000001,under_prediction
106510,UKGBNIF10546,1993-08-01,1993,22.3,7.776,14.524000000000001,14.524000000000001,under_prediction
109170,UKGBNIF10543,1990-08-03,1990,24.0,9.622999999999998,14.377000000000002,14.377000000000002,under_prediction
106500,UKGBNIF10546,1992-09-24,1992,24.6,10.382499999999993,14.217500000000008,14.217500000000008,under_prediction
70038,UKGBNIF10361,1993-05-27,1993,23.6,9.669999999999995,13.930000000000007,13.930000000000007,under_prediction
105603,UKGBNIF10542,1992-07-08,1992,23.5,9.886000000000001,13.613999999999999,13.613999999999999,under_prediction
105590,UKGBNIF10542,1991-06-10,1991,22.2,8.634999999999996,13.565000000000003,13.565000000000003,under_prediction
105596,UKGBNIF10542,1991-12-03,1991,24.2,10.969000000000001,13.230999999999998,13.230999999999998,under_prediction
100224,UKGBNIF10519,1993-10-18,1993,26.5,13.290000000000003,13.209999999999997,13.209999999999997,under_prediction
104362,UKGBNIF10521,1991-08-21,1991,17.9,4.857999999999999,13.042,13.042,under_prediction
109179,UKGBNIF10543,1992-10-23,1992,26.4,13.476000000000004,12.923999999999994,12.923999999999994,under_prediction
105608,UKGBNIF10542,1992-11-25,1992,22.5,9.890999999999998,12.609000000000002,12.609000000000002,under_prediction
104363,UKGBNIF10521,1991-09-05,1991,16.9,4.4510000000000005,12.448999999999998,12.448999999999998,under_prediction
105592,UKGBNIF10542,1991-08-07,1991,19.5,7.177999999999997,12.322000000000003,12.322000000000003,under_prediction
100217,UKGBNIF10519,1993-07-07,1993,20.9,8.761000000000003,12.138999999999996,12.138999999999996,under_prediction
104413,UKGBNIF10521,1993-10-18,1993,26.3,14.337000000000003,11.962999999999997,11.962999999999997,under_prediction
121744,UKGBNIF10641,1993-02-02,1993,23.7,11.739000000000006,11.960999999999993,11.960999999999993,under_prediction
111172,UKGBNIF10575,2014-06-24,2014,21.6,9.698000000000002,11.902,11.902,under_prediction
105599,UKGBNIF10542,1992-03-11,1992,23.0,11.516000000000005,11.483999999999995,11.483999999999995,under_prediction
104397,UKGBNIF10521,1993-02-02,1993,24.7,13.226999999999993,11.473000000000006,11.473000000000006,under_prediction
105601,UKGBNIF10542,1992-05-08,1992,21.3,9.840000000000002,11.459999999999999,11.459999999999999,under_prediction
3273,UKGBNIF10029,1993-08-02,1993,20.5,9.161999999999999,11.338000000000001,11.338000000000001,under_prediction
106505,UKGBNIF10546,1993-03-01,1993,23.1,11.79,11.310000000000002,11.310000000000002,under_prediction
104381,UKGBNIF10521,1992-05-22,1992,22.0,10.966,11.034,11.034,under_prediction
100221,UKGBNIF10519,1993-09-03,1993,20.9,10.009000000000004,10.890999999999995,10.890999999999995,under_prediction
104382,UKGBNIF10521,1992-06-08,1992,17.8,6.949000000000007,10.850999999999994,10.850999999999994,under_prediction
104367,UKGBNIF10521,1991-11-04,1991,21.1,10.361999999999998,10.738000000000003,10.738000000000003,under_prediction
105610,UKGBNIF10542,1993-02-02,1993,21.9,11.163000000000004,10.736999999999995,10.736999999999995,under_prediction
104389,UKGBNIF10521,1992-10-05,1992,20.2,9.523,10.677,10.677,under_prediction
105595,UKGBNIF10542,1991-11-04,1991,21.0,10.340000000000002,10.659999999999998,10.659999999999998,under_prediction
105607,UKGBNIF10542,1992-11-03,1992,21.5,11.080999999999994,10.419000000000006,10.419000000000006,under_prediction
121003,UKGBNIF10639,1993-02-02,1993,21.5,11.088999999999999,10.411000000000001,10.411000000000001,under_prediction
105593,UKGBNIF10542,1991-09-05,1991,22.5,12.104000000000003,10.395999999999997,10.395999999999997,under_prediction
105598,UKGBNIF10542,1992-02-11,1992,23.3,12.959999999999997,10.340000000000003,10.340000000000003,under_prediction
104378,UKGBNIF10521,1992-04-09,1992,19.4,9.091000000000001,10.308999999999997,10.308999999999997,under_prediction
131820,UKGBNIF10679,1995-01-24,1995,21.4,11.162,10.237999999999998,10.237999999999998,under_prediction
104375,UKGBNIF10521,1992-02-25,1992,22.3,12.063999999999997,10.236000000000004,10.236000000000004,under_prediction
104364,UKGBNIF10521,1991-09-19,1991,14.0,3.8289999999999993,10.171000000000001,10.171000000000001,under_prediction
109173,UKGBNIF10543,1991-05-22,1991,18.5,8.337000000000002,10.162999999999998,10.162999999999998,under_prediction
104354,UKGBNIF10521,1991-04-25,1991,20.0,9.883999999999995,10.116000000000005,10.116000000000005,under_prediction
105588,UKGBNIF10542,1991-04-11,1991,20.0,9.988999999999999,10.011000000000001,10.011000000000001,under_prediction
104383,UKGBNIF10521,1992-07-08,1992,16.4,6.6480000000000015,9.751999999999997,9.751999999999997,under_prediction
104386,UKGBNIF10521,1992-08-20,1992,15.6,5.888,9.712,9.712,under_prediction
104338,UKGBNIF10521,1990-08-10,1990,13.5,3.9393000000000002,9.5607,9.5607,under_prediction
105597,UKGBNIF10542,1992-01-13,1992,20.1,10.745999999999999,9.354000000000003,9.354000000000003,under_prediction
105600,UKGBNIF10542,1992-04-09,1992,18.5,9.432000000000002,9.067999999999998,9.067999999999998,under_prediction
104352,UKGBNIF10521,1991-03-27,1991,20.1,11.147999999999998,8.952000000000004,8.952000000000004,under_prediction
12150,UKGBNIF10077,1994-06-21,1994,18.7,9.752999999999998,8.947000000000001,8.947000000000001,under_prediction
104359,UKGBNIF10521,1991-07-09,1991,15.5,6.575,8.925,8.925,under_prediction
17895,UKGBNIF10103,1994-09-01,1994,8.4,17.292000000000016,-8.892000000000015,8.892000000000015,over_prediction
109172,UKGBNIF10543,1991-02-05,1991,19.2,10.321999999999997,8.878000000000002,8.878000000000002,under_prediction
104473,UKGBNIF10521,1996-04-24,1996,5.4,14.109999999999998,-8.709999999999997,8.709999999999997,over_prediction
105594,UKGBNIF10542,1991-10-04,1991,20.0,11.311999999999996,8.688000000000004,8.688000000000004,under_prediction
105604,UKGBNIF10542,1992-08-06,1992,17.1,8.444999999999997,8.655000000000005,8.655000000000005,under_prediction
105586,UKGBNIF10542,1991-02-12,1991,21.8,13.206999999999999,8.593000000000002,8.593000000000002,under_prediction
104360,UKGBNIF10521,1991-07-23,1991,15.5,6.952999999999996,8.547000000000004,8.547000000000004,under_prediction
106497,UKGBNIF10546,1992-07-06,1992,18.5,9.979,8.521,8.521,under_prediction
13329,UKGBNIF10081,1994-09-15,1994,18.4,9.974999999999993,8.425000000000006,8.425000000000006,under_prediction
108955,UKGBNIF10557,2018-07-05,2018,8.5,16.919999999999984,-8.419999999999984,8.419999999999984,over_prediction
103595,UKGBNIF10533,2015-02-26,2015,2.5,10.90400000000001,-8.40400000000001,8.40400000000001,over_prediction
3284,UKGBNIF10029,1994-07-04,1994,18.2,9.812999999999994,8.387000000000006,8.387000000000006,under_prediction
105584,UKGBNIF10542,1990-11-29,1990,19.9,11.525000000000004,8.374999999999995,8.374999999999995,under_prediction
105606,UKGBNIF10542,1992-10-05,1992,18.2,9.876000000000007,8.323999999999993,8.323999999999993,under_prediction
104379,UKGBNIF10521,1992-04-23,1992,19.6,11.415999999999999,8.184000000000003,8.184000000000003,under_prediction
62960,UKGBNIF10336,2010-11-17,2010,2.5,10.633,-8.133,8.133,over_prediction
104370,UKGBNIF10521,1991-12-17,1991,20.1,11.995000000000005,8.104999999999997,8.104999999999997,under_prediction
62792,UKGBNIF10336,1996-09-05,1996,1.4,9.429000000000004,-8.029000000000003,8.029000000000003,over_prediction
104392,UKGBNIF10521,1992-11-17,1992,18.7,10.684999999999997,8.015000000000002,8.015000000000002,under_prediction
21359,UKGBNIF10121,2005-09-08,2005,2.1,10.092999999999995,-7.992999999999995,7.992999999999995,over_prediction
63885,UKGBNIF10342,1993-07-06,1993,6.6,14.574000000000003,-7.974000000000004,7.974000000000004,over_prediction
105609,UKGBNIF10542,1993-01-04,1993,16.0,8.063000000000004,7.936999999999996,7.936999999999996,under_prediction
105591,UKGBNIF10542,1991-07-09,1991,15.3,7.386,7.914000000000001,7.914000000000001,under_prediction
20437,UKGBNIF10115,1995-10-10,1995,5.9,13.682000000000007,-7.782000000000007,7.782000000000007,over_prediction
104384,UKGBNIF10521,1992-07-22,1992,16.9,9.119000000000005,7.7809999999999935,7.7809999999999935,under_prediction
104353,UKGBNIF10521,1991-04-11,1991,19.5,11.742000000000004,7.757999999999996,7.757999999999996,under_prediction
12704,UKGBNIF10079,1993-08-16,1993,18.9,11.190499999999991,7.709500000000007,7.709500000000007,under_prediction
21309,UKGBNIF10121,2001-07-23,2001,3.4,11.053000000000006,-7.653000000000006,7.653000000000006,over_prediction
3287,UKGBNIF10029,1994-09-30,1994,18.6,10.951999999999998,7.648000000000003,7.648000000000003,under_prediction
104366,UKGBNIF10521,1991-10-18,1991,14.5,6.910000000000002,7.589999999999998,7.589999999999998,under_prediction
131761,UKGBNIF10679,1992-07-29,1992,17.6,10.021,7.579000000000001,7.579000000000001,under_prediction
63911,UKGBNIF10342,1994-08-10,1994,2.5,10.078000000000003,-7.578000000000003,7.578000000000003,over_prediction
82414,UKGBNIF10430,1999-07-28,1999,3.4,10.969000000000001,-7.569000000000001,7.569000000000001,over_prediction
144069,UKGBNIF10721,1993-07-22,1993,7.4,14.915999999999991,-7.515999999999991,7.515999999999991,over_prediction
105589,UKGBNIF10542,1991-05-10,1991,23.1,15.593999999999985,7.506000000000016,7.506000000000016,under_prediction
102680,UKGBNIF10530,1997-08-26,1997,8.0,15.497400000000004,-7.497400000000004,7.497400000000004,over_prediction
104368,UKGBNIF10521,1991-11-18,1991,17.2,9.774,7.426,7.426,under_prediction
111052,UKGBNIF10575,2001-08-07,2001,1.5,8.906000000000011,-7.406000000000011,7.406000000000011,over_prediction
