transformed_feature,impurity_importance
ph,0.22111656796319132
nitrate_n_mg_l,0.19763421765487713
nitrite_n_mg_l,0.15915580237770344
bod_mg_l,0.12998032124838818
soluble_reactive_phosphorus_mg_l,0.12541996058460236
ammonia_n_mg_l,0.10885959758959304
nitrite_is_below_limit,0.01163889687407288
ammonia_is_below_limit,0.01110609659621884
bod_is_below_limit,0.010351381171411853
phosphorus_is_below_limit,0.008148907299107794
missingindicator_bod_mg_l,0.003879818209636959
missingindicator_nitrite_n_mg_l,0.003694077629460999
missingindicator_nitrate_n_mg_l,0.0030851819166514746
missingindicator_ph,0.0019724227845536726
nitrate_is_below_limit,0.001470075602275197
missingindicator_soluble_reactive_phosphorus_mg_l,0.0009543570862865507
bod_is_above_limit,0.000950850340044128
missingindicator_ammonia_n_mg_l,0.00043873351248082163
phosphorus_is_above_limit,0.0001360005114690988
ammonia_is_above_limit,6.733047974358723e-06
nitrite_is_above_limit,0.0
nitrate_is_above_limit,0.0
